Serial,Sample,Loci,Allele1,Allele2,Frequency1,Frequency2,Comp1_2,Comp2_1
1,S485-AM102-12_S485_L001_M_001,Arm01,95,91,0.836,0.102,0.1,0.5
2,S485-AM102-12_S485_L001_M_001,Arm02,N/A,N/A,N/A,N/A,0,0
3,S485-AM102-12_S485_L001_M_001,Arm03,131.2,131,0.465,0.452,0.0,0.0
4,S485-AM102-12_S485_L001_M_001,Arm04,179,175,0.789,0.1,0.1,0.5
5,S485-AM102-12_S485_L001_M_001,Arm05,N/A,N/A,N/A,N/A,0,0
6,S485-AM102-12_S485_L001_M_001,Arm06,147.2,151,0.501,0.421,0.0,0.0
7,S485-AM102-12_S485_L001_M_001,Arm07,185,N/A,0.904,N/A,0,0
8,S485-AM102-12_S485_L001_M_001,Arm08,109,81,0.493,0.445,0.0,0.0
9,S485-AM102-12_S485_L001_M_001,Arm09,N/A,N/A,N/A,N/A,0,0
10,S485-AM102-12_S485_L001_M_001,Arm10,N/A,N/A,N/A,N/A,0,0
11,S485-AM102-12_S485_L001_M_001,Arm11,110.2,108.2,0.805,0.133,0.0,0.0
12,S485-AM102-12_S485_L001_M_001,Armo01,N/A,N/A,N/A,N/A,0,0
13,S485-AM102-12_S485_L001_M_001,Armo02,N/A,N/A,N/A,N/A,0,0
14,S485-AM102-12_S485_L001_M_001,Armo03,N/A,N/A,N/A,N/A,0,0
15,S485-AM102-12_S485_L001_M_001,Am-AG-1,N/A,N/A,N/A,N/A,0,0
16,S485-AM102-12_S485_L001_M_001,Am-AG-10,N/A,N/A,N/A,N/A,0,0
17,S485-AM102-12_S485_L001_M_001,Am-AG-2B,N/A,N/A,N/A,N/A,0,0
18,S485-AM102-12_S485_L001_M_001,Am-AG-4B,N/A,N/A,N/A,N/A,0,0
19,S485-AM102-12_S485_L001_M_001,Am-AG-11,N/A,N/A,N/A,N/A,0,0
20,S485-AM102-12_S485_L001_M_001,Am-ATC-2,N/A,N/A,N/A,N/A,0,0
21,S485-AM102-12_S485_L001_M_001,Am-ATC-3,N/A,N/A,N/A,N/A,0,0
22,S485-AM102-12_S485_L001_M_001,Am-CT-2,N/A,N/A,N/A,N/A,0,0
23,S485-AM102-12_S485_L001_M_001,Am-CT-5,N/A,N/A,N/A,N/A,0,0
24,S486-AM30-18_S486_L001_M_001,Arm01,87,107,0.542,0.295,0.0,0.0
25,S486-AM30-18_S486_L001_M_001,Arm02,N/A,N/A,N/A,N/A,0,0
26,S486-AM30-18_S486_L001_M_001,Arm03,131,N/A,0.913,N/A,0,0
27,S486-AM30-18_S486_L001_M_001,Arm04,163,N/A,0.841,N/A,0,0
28,S486-AM30-18_S486_L001_M_001,Arm05,N/A,N/A,N/A,N/A,0,0
29,S486-AM30-18_S486_L001_M_001,Arm06,147.2,151,0.496,0.41,0.0,0.0
30,S486-AM30-18_S486_L001_M_001,Arm07,185,N/A,0.879,N/A,0,0
31,S486-AM30-18_S486_L001_M_001,Arm08,81,97,0.581,0.377,0.0,0.0
32,S486-AM30-18_S486_L001_M_001,Arm09,N/A,N/A,N/A,N/A,0,0
33,S486-AM30-18_S486_L001_M_001,Arm10,N/A,N/A,N/A,N/A,0,0
34,S486-AM30-18_S486_L001_M_001,Arm11,108,110.2,0.433,0.367,0.0,0.0
35,S486-AM30-18_S486_L001_M_001,Armo01,N/A,N/A,N/A,N/A,0,0
36,S486-AM30-18_S486_L001_M_001,Armo02,N/A,N/A,N/A,N/A,0,0
37,S486-AM30-18_S486_L001_M_001,Armo03,N/A,N/A,N/A,N/A,0,0
38,S486-AM30-18_S486_L001_M_001,Am-AG-1,N/A,N/A,N/A,N/A,0,0
39,S486-AM30-18_S486_L001_M_001,Am-AG-10,N/A,N/A,N/A,N/A,0,0
40,S486-AM30-18_S486_L001_M_001,Am-AG-2B,N/A,N/A,N/A,N/A,0,0
41,S486-AM30-18_S486_L001_M_001,Am-AG-4B,N/A,N/A,N/A,N/A,0,0
42,S486-AM30-18_S486_L001_M_001,Am-AG-11,N/A,N/A,N/A,N/A,0,0
43,S486-AM30-18_S486_L001_M_001,Am-ATC-2,N/A,N/A,N/A,N/A,0,0
44,S486-AM30-18_S486_L001_M_001,Am-ATC-3,N/A,N/A,N/A,N/A,0,0
45,S486-AM30-18_S486_L001_M_001,Am-CT-2,N/A,N/A,N/A,N/A,0,0
46,S486-AM30-18_S486_L001_M_001,Am-CT-5,N/A,N/A,N/A,N/A,0,0
47,S487-AM102-01_S487_L001_M_001,Arm01,87,107,0.506,0.26,0.0,0.0
48,S487-AM102-01_S487_L001_M_001,Arm02,N/A,N/A,N/A,N/A,0,0
49,S487-AM102-01_S487_L001_M_001,Arm03,131,N/A,0.829,N/A,0,0
50,S487-AM102-01_S487_L001_M_001,Arm04,191,199,0.324,0.247,0.1,0.1
51,S487-AM102-01_S487_L001_M_001,Arm05,N/A,N/A,N/A,N/A,0,0
52,S487-AM102-01_S487_L001_M_001,Arm06,151,N/A,0.818,N/A,0,0
53,S487-AM102-01_S487_L001_M_001,Arm07,177,185,0.471,0.297,0.1,0.1
54,S487-AM102-01_S487_L001_M_001,Arm08,81,N/A,0.934,N/A,0,0
55,S487-AM102-01_S487_L001_M_001,Arm09,N/A,N/A,N/A,N/A,0,0
56,S487-AM102-01_S487_L001_M_001,Arm10,N/A,N/A,N/A,N/A,0,0
57,S487-AM102-01_S487_L001_M_001,Arm11,110,110.2,0.419,0.312,0.0,0.0
58,S487-AM102-01_S487_L001_M_001,Armo01,N/A,N/A,N/A,N/A,0,0
59,S487-AM102-01_S487_L001_M_001,Armo02,N/A,N/A,N/A,N/A,0,0
60,S487-AM102-01_S487_L001_M_001,Armo03,N/A,N/A,N/A,N/A,0,0
61,S487-AM102-01_S487_L001_M_001,Am-AG-1,N/A,N/A,N/A,N/A,0,0
62,S487-AM102-01_S487_L001_M_001,Am-AG-10,N/A,N/A,N/A,N/A,0,0
63,S487-AM102-01_S487_L001_M_001,Am-AG-2B,N/A,N/A,N/A,N/A,0,0
64,S487-AM102-01_S487_L001_M_001,Am-AG-4B,N/A,N/A,N/A,N/A,0,0
65,S487-AM102-01_S487_L001_M_001,Am-AG-11,N/A,N/A,N/A,N/A,0,0
66,S487-AM102-01_S487_L001_M_001,Am-ATC-2,N/A,N/A,N/A,N/A,0,0
67,S487-AM102-01_S487_L001_M_001,Am-ATC-3,N/A,N/A,N/A,N/A,0,0
68,S487-AM102-01_S487_L001_M_001,Am-CT-2,N/A,N/A,N/A,N/A,0,0
69,S487-AM102-01_S487_L001_M_001,Am-CT-5,N/A,N/A,N/A,N/A,0,0
70,S488-AM202-05_S488_L001_M_001,Arm01,95,107,0.526,0.298,0.0,0.0
71,S488-AM202-05_S488_L001_M_001,Arm02,N/A,N/A,N/A,N/A,0,0
72,S488-AM202-05_S488_L001_M_001,Arm03,131.2,N/A,0.9,N/A,0,0
73,S488-AM202-05_S488_L001_M_001,Arm04,187,199,0.427,0.305,0.0,0.0
74,S488-AM202-05_S488_L001_M_001,Arm05,N/A,N/A,N/A,N/A,0,0
75,S488-AM202-05_S488_L001_M_001,Arm06,151,N/A,0.895,N/A,0,0
76,S488-AM202-05_S488_L001_M_001,Arm07,185,N/A,0.863,N/A,0,0
77,S488-AM202-05_S488_L001_M_001,Arm08,97,81,0.478,0.468,0.0,0.0
78,S488-AM202-05_S488_L001_M_001,Arm09,N/A,N/A,N/A,N/A,0,0
79,S488-AM202-05_S488_L001_M_001,Arm10,N/A,N/A,N/A,N/A,0,0
80,S488-AM202-05_S488_L001_M_001,Arm11,110,110.2,0.475,0.326,0.0,0.0
81,S488-AM202-05_S488_L001_M_001,Armo01,N/A,N/A,N/A,N/A,0,0
82,S488-AM202-05_S488_L001_M_001,Armo02,N/A,N/A,N/A,N/A,0,0
83,S488-AM202-05_S488_L001_M_001,Armo03,N/A,N/A,N/A,N/A,0,0
84,S488-AM202-05_S488_L001_M_001,Am-AG-1,N/A,N/A,N/A,N/A,0,0
85,S488-AM202-05_S488_L001_M_001,Am-AG-10,N/A,N/A,N/A,N/A,0,0
86,S488-AM202-05_S488_L001_M_001,Am-AG-2B,N/A,N/A,N/A,N/A,0,0
87,S488-AM202-05_S488_L001_M_001,Am-AG-4B,N/A,N/A,N/A,N/A,0,0
88,S488-AM202-05_S488_L001_M_001,Am-AG-11,N/A,N/A,N/A,N/A,0,0
89,S488-AM202-05_S488_L001_M_001,Am-ATC-2,N/A,N/A,N/A,N/A,0,0
90,S488-AM202-05_S488_L001_M_001,Am-ATC-3,N/A,N/A,N/A,N/A,0,0
91,S488-AM202-05_S488_L001_M_001,Am-CT-2,N/A,N/A,N/A,N/A,0,0
92,S488-AM202-05_S488_L001_M_001,Am-CT-5,N/A,N/A,N/A,N/A,0,0
93,S489-AM102-11_S489_L001_M_001,Arm01,95,107,0.497,0.304,0.0,0.0
94,S489-AM102-11_S489_L001_M_001,Arm02,N/A,N/A,N/A,N/A,0,0
95,S489-AM102-11_S489_L001_M_001,Arm03,131.2,N/A,0.916,N/A,0,0
96,S489-AM102-11_S489_L001_M_001,Arm04,179,N/A,0.77,N/A,0,0
97,S489-AM102-11_S489_L001_M_001,Arm05,N/A,N/A,N/A,N/A,0,0
98,S489-AM102-11_S489_L001_M_001,Arm06,151,N/A,0.888,N/A,0,0
99,S489-AM102-11_S489_L001_M_001,Arm07,185,N/A,0.887,N/A,0,0
100,S489-AM102-11_S489_L001_M_001,Arm08,97,109,0.512,0.403,0.0,0.0
101,S489-AM102-11_S489_L001_M_001,Arm09,N/A,N/A,N/A,N/A,0,0
102,S489-AM102-11_S489_L001_M_001,Arm10,N/A,N/A,N/A,N/A,0,0
103,S489-AM102-11_S489_L001_M_001,Arm11,110,110.2,0.416,0.356,0.0,0.0
104,S489-AM102-11_S489_L001_M_001,Armo01,N/A,N/A,N/A,N/A,0,0
105,S489-AM102-11_S489_L001_M_001,Armo02,N/A,N/A,N/A,N/A,0,0
106,S489-AM102-11_S489_L001_M_001,Armo03,N/A,N/A,N/A,N/A,0,0
107,S489-AM102-11_S489_L001_M_001,Am-AG-1,N/A,N/A,N/A,N/A,0,0
108,S489-AM102-11_S489_L001_M_001,Am-AG-10,N/A,N/A,N/A,N/A,0,0
109,S489-AM102-11_S489_L001_M_001,Am-AG-2B,N/A,N/A,N/A,N/A,0,0
110,S489-AM102-11_S489_L001_M_001,Am-AG-4B,N/A,N/A,N/A,N/A,0,0
111,S489-AM102-11_S489_L001_M_001,Am-AG-11,N/A,N/A,N/A,N/A,0,0
112,S489-AM102-11_S489_L001_M_001,Am-ATC-2,N/A,N/A,N/A,N/A,0,0
113,S489-AM102-11_S489_L001_M_001,Am-ATC-3,N/A,N/A,N/A,N/A,0,0
114,S489-AM102-11_S489_L001_M_001,Am-CT-2,N/A,N/A,N/A,N/A,0,0
115,S489-AM102-11_S489_L001_M_001,Am-CT-5,N/A,N/A,N/A,N/A,0,0
116,S490-AM46-01_S490_L001_M_001,Arm01,83,139,0.692,0.121,0.0,0.0
117,S490-AM46-01_S490_L001_M_001,Arm02,N/A,N/A,N/A,N/A,0,0
118,S490-AM46-01_S490_L001_M_001,Arm03,119.2,131.2,0.537,0.389,0.0,0.0
119,S490-AM46-01_S490_L001_M_001,Arm04,167,187,0.503,0.285,0.0,0.0
120,S490-AM46-01_S490_L001_M_001,Arm05,N/A,N/A,N/A,N/A,0,0
121,S490-AM46-01_S490_L001_M_001,Arm06,147.2,193,0.399,0.261,0.0,0.0
122,S490-AM46-01_S490_L001_M_001,Arm07,Other sequences,N/A,1.0,N/A,0,0
123,S490-AM46-01_S490_L001_M_001,Arm08,129,109,0.484,0.37,0.0,0.0
124,S490-AM46-01_S490_L001_M_001,Arm09,N/A,N/A,N/A,N/A,0,0
125,S490-AM46-01_S490_L001_M_001,Arm10,N/A,N/A,N/A,N/A,0,0
126,S490-AM46-01_S490_L001_M_001,Arm11,108,106.1,0.829,0.107,0.0,0.0
127,S490-AM46-01_S490_L001_M_001,Armo01,N/A,N/A,N/A,N/A,0,0
128,S490-AM46-01_S490_L001_M_001,Armo02,N/A,N/A,N/A,N/A,0,0
129,S490-AM46-01_S490_L001_M_001,Armo03,N/A,N/A,N/A,N/A,0,0
130,S490-AM46-01_S490_L001_M_001,Am-AG-1,N/A,N/A,N/A,N/A,0,0
131,S490-AM46-01_S490_L001_M_001,Am-AG-10,N/A,N/A,N/A,N/A,0,0
132,S490-AM46-01_S490_L001_M_001,Am-AG-2B,N/A,N/A,N/A,N/A,0,0
133,S490-AM46-01_S490_L001_M_001,Am-AG-4B,N/A,N/A,N/A,N/A,0,0
134,S490-AM46-01_S490_L001_M_001,Am-AG-11,N/A,N/A,N/A,N/A,0,0
135,S490-AM46-01_S490_L001_M_001,Am-ATC-2,N/A,N/A,N/A,N/A,0,0
136,S490-AM46-01_S490_L001_M_001,Am-ATC-3,N/A,N/A,N/A,N/A,0,0
137,S490-AM46-01_S490_L001_M_001,Am-CT-2,N/A,N/A,N/A,N/A,0,0
138,S490-AM46-01_S490_L001_M_001,Am-CT-5,N/A,N/A,N/A,N/A,0,0
139,S491-AM46-08_S491_L001_M_001,Arm01,83,139,0.635,0.181,0.0,0.0
140,S491-AM46-08_S491_L001_M_001,Arm02,N/A,N/A,N/A,N/A,0,0
141,S491-AM46-08_S491_L001_M_001,Arm03,119.2,131.2,0.526,0.392,0.0,0.0
142,S491-AM46-08_S491_L001_M_001,Arm04,167,187,0.478,0.336,0.0,0.0
143,S491-AM46-08_S491_L001_M_001,Arm05,N/A,N/A,N/A,N/A,0,0
144,S491-AM46-08_S491_L001_M_001,Arm06,147.2,197,0.423,0.263,0.0,0.0
145,S491-AM46-08_S491_L001_M_001,Arm07,185,185.2,0.571,0.286,0.0,0.0
146,S491-AM46-08_S491_L001_M_001,Arm08,129,109,0.682,0.179,0.0,0.0
147,S491-AM46-08_S491_L001_M_001,Arm09,N/A,N/A,N/A,N/A,0,0
148,S491-AM46-08_S491_L001_M_001,Arm10,N/A,N/A,N/A,N/A,0,0
149,S491-AM46-08_S491_L001_M_001,Arm11,108,106.1,0.838,0.1,0.0,0.0
150,S491-AM46-08_S491_L001_M_001,Armo01,N/A,N/A,N/A,N/A,0,0
151,S491-AM46-08_S491_L001_M_001,Armo02,N/A,N/A,N/A,N/A,0,0
152,S491-AM46-08_S491_L001_M_001,Armo03,N/A,N/A,N/A,N/A,0,0
153,S491-AM46-08_S491_L001_M_001,Am-AG-1,N/A,N/A,N/A,N/A,0,0
154,S491-AM46-08_S491_L001_M_001,Am-AG-10,N/A,N/A,N/A,N/A,0,0
155,S491-AM46-08_S491_L001_M_001,Am-AG-2B,N/A,N/A,N/A,N/A,0,0
156,S491-AM46-08_S491_L001_M_001,Am-AG-4B,N/A,N/A,N/A,N/A,0,0
157,S491-AM46-08_S491_L001_M_001,Am-AG-11,N/A,N/A,N/A,N/A,0,0
158,S491-AM46-08_S491_L001_M_001,Am-ATC-2,N/A,N/A,N/A,N/A,0,0
159,S491-AM46-08_S491_L001_M_001,Am-ATC-3,N/A,N/A,N/A,N/A,0,0
160,S491-AM46-08_S491_L001_M_001,Am-CT-2,N/A,N/A,N/A,N/A,0,0
161,S491-AM46-08_S491_L001_M_001,Am-CT-5,N/A,N/A,N/A,N/A,0,0
162,S492-AM102-10_S492_L001_M_001,Arm01,95,107,0.478,0.341,0.0,0.0
163,S492-AM102-10_S492_L001_M_001,Arm02,N/A,N/A,N/A,N/A,0,0
164,S492-AM102-10_S492_L001_M_001,Arm03,131,131.2,0.463,0.45,0.0,0.0
165,S492-AM102-10_S492_L001_M_001,Arm04,179,187,0.409,0.351,0.1,0.1
166,S492-AM102-10_S492_L001_M_001,Arm05,N/A,N/A,N/A,N/A,0,0
167,S492-AM102-10_S492_L001_M_001,Arm06,151,N/A,0.887,N/A,0,0
168,S492-AM102-10_S492_L001_M_001,Arm07,185,Other sequences,0.878,0.109,0,0
169,S492-AM102-10_S492_L001_M_001,Arm08,109,97,0.537,0.314,0.0,0.0
170,S492-AM102-10_S492_L001_M_001,Arm09,N/A,N/A,N/A,N/A,0,0
171,S492-AM102-10_S492_L001_M_001,Arm10,N/A,N/A,N/A,N/A,0,0
172,S492-AM102-10_S492_L001_M_001,Arm11,110,110.2,0.441,0.344,0.0,0.0
173,S492-AM102-10_S492_L001_M_001,Armo01,N/A,N/A,N/A,N/A,0,0
174,S492-AM102-10_S492_L001_M_001,Armo02,N/A,N/A,N/A,N/A,0,0
175,S492-AM102-10_S492_L001_M_001,Armo03,N/A,N/A,N/A,N/A,0,0
176,S492-AM102-10_S492_L001_M_001,Am-AG-1,N/A,N/A,N/A,N/A,0,0
177,S492-AM102-10_S492_L001_M_001,Am-AG-10,N/A,N/A,N/A,N/A,0,0
178,S492-AM102-10_S492_L001_M_001,Am-AG-2B,N/A,N/A,N/A,N/A,0,0
179,S492-AM102-10_S492_L001_M_001,Am-AG-4B,N/A,N/A,N/A,N/A,0,0
180,S492-AM102-10_S492_L001_M_001,Am-AG-11,N/A,N/A,N/A,N/A,0,0
181,S492-AM102-10_S492_L001_M_001,Am-ATC-2,N/A,N/A,N/A,N/A,0,0
182,S492-AM102-10_S492_L001_M_001,Am-ATC-3,N/A,N/A,N/A,N/A,0,0
183,S492-AM102-10_S492_L001_M_001,Am-CT-2,N/A,N/A,N/A,N/A,0,0
184,S492-AM102-10_S492_L001_M_001,Am-CT-5,N/A,N/A,N/A,N/A,0,0
185,S493-AM46-05_S493_L001_M_001,Arm01,83,139,0.673,0.131,0.0,0.0
186,S493-AM46-05_S493_L001_M_001,Arm02,N/A,N/A,N/A,N/A,0,0
187,S493-AM46-05_S493_L001_M_001,Arm03,119.2,131.2,0.525,0.399,0.0,0.0
188,S493-AM46-05_S493_L001_M_001,Arm04,167,187,0.512,0.276,0.0,0.0
189,S493-AM46-05_S493_L001_M_001,Arm05,N/A,N/A,N/A,N/A,0,0
190,S493-AM46-05_S493_L001_M_001,Arm06,147.2,193,0.357,0.312,0.0,0.0
191,S493-AM46-05_S493_L001_M_001,Arm07,Other sequences,N/A,1.0,N/A,0,0
192,S493-AM46-05_S493_L001_M_001,Arm08,109,129,0.588,0.17,0.0,0.0
193,S493-AM46-05_S493_L001_M_001,Arm09,N/A,N/A,N/A,N/A,0,0
194,S493-AM46-05_S493_L001_M_001,Arm10,N/A,N/A,N/A,N/A,0,0
195,S493-AM46-05_S493_L001_M_001,Arm11,108,106.1,0.836,0.106,0.0,0.0
196,S493-AM46-05_S493_L001_M_001,Armo01,N/A,N/A,N/A,N/A,0,0
197,S493-AM46-05_S493_L001_M_001,Armo02,N/A,N/A,N/A,N/A,0,0
198,S493-AM46-05_S493_L001_M_001,Armo03,N/A,N/A,N/A,N/A,0,0
199,S493-AM46-05_S493_L001_M_001,Am-AG-1,N/A,N/A,N/A,N/A,0,0
200,S493-AM46-05_S493_L001_M_001,Am-AG-10,N/A,N/A,N/A,N/A,0,0
201,S493-AM46-05_S493_L001_M_001,Am-AG-2B,N/A,N/A,N/A,N/A,0,0
202,S493-AM46-05_S493_L001_M_001,Am-AG-4B,N/A,N/A,N/A,N/A,0,0
203,S493-AM46-05_S493_L001_M_001,Am-AG-11,N/A,N/A,N/A,N/A,0,0
204,S493-AM46-05_S493_L001_M_001,Am-ATC-2,N/A,N/A,N/A,N/A,0,0
205,S493-AM46-05_S493_L001_M_001,Am-ATC-3,N/A,N/A,N/A,N/A,0,0
206,S493-AM46-05_S493_L001_M_001,Am-CT-2,N/A,N/A,N/A,N/A,0,0
207,S493-AM46-05_S493_L001_M_001,Am-CT-5,N/A,N/A,N/A,N/A,0,0
208,S494-AM102-20_S494_L001_M_001,Arm01,95,107,0.518,0.297,0.0,0.0
209,S494-AM102-20_S494_L001_M_001,Arm02,N/A,N/A,N/A,N/A,0,0
210,S494-AM102-20_S494_L001_M_001,Arm03,131.2,131,0.456,0.455,0.0,0.0
211,S494-AM102-20_S494_L001_M_001,Arm04,191,199,0.389,0.351,0.1,0.1
212,S494-AM102-20_S494_L001_M_001,Arm05,N/A,N/A,N/A,N/A,0,0
213,S494-AM102-20_S494_L001_M_001,Arm06,147.2,151,0.488,0.423,0.0,0.0
214,S494-AM102-20_S494_L001_M_001,Arm07,177,N/A,0.918,N/A,0,0
215,S494-AM102-20_S494_L001_M_001,Arm08,97,81,0.575,0.38,0.0,0.0
216,S494-AM102-20_S494_L001_M_001,Arm09,N/A,N/A,N/A,N/A,0,0
217,S494-AM102-20_S494_L001_M_001,Arm10,N/A,N/A,N/A,N/A,0,0
218,S494-AM102-20_S494_L001_M_001,Arm11,110.2,108.2,0.787,0.148,0.0,0.0
219,S494-AM102-20_S494_L001_M_001,Armo01,N/A,N/A,N/A,N/A,0,0
220,S494-AM102-20_S494_L001_M_001,Armo02,N/A,N/A,N/A,N/A,0,0
221,S494-AM102-20_S494_L001_M_001,Armo03,N/A,N/A,N/A,N/A,0,0
222,S494-AM102-20_S494_L001_M_001,Am-AG-1,N/A,N/A,N/A,N/A,0,0
223,S494-AM102-20_S494_L001_M_001,Am-AG-10,N/A,N/A,N/A,N/A,0,0
224,S494-AM102-20_S494_L001_M_001,Am-AG-2B,N/A,N/A,N/A,N/A,0,0
225,S494-AM102-20_S494_L001_M_001,Am-AG-4B,N/A,N/A,N/A,N/A,0,0
226,S494-AM102-20_S494_L001_M_001,Am-AG-11,N/A,N/A,N/A,N/A,0,0
227,S494-AM102-20_S494_L001_M_001,Am-ATC-2,N/A,N/A,N/A,N/A,0,0
228,S494-AM102-20_S494_L001_M_001,Am-ATC-3,N/A,N/A,N/A,N/A,0,0
229,S494-AM102-20_S494_L001_M_001,Am-CT-2,N/A,N/A,N/A,N/A,0,0
230,S494-AM102-20_S494_L001_M_001,Am-CT-5,N/A,N/A,N/A,N/A,0,0
231,S495-AM30-06_S495_L001_M_001,Arm01,87,107,0.547,0.296,0.0,0.0
232,S495-AM30-06_S495_L001_M_001,Arm02,N/A,N/A,N/A,N/A,0,0
233,S495-AM30-06_S495_L001_M_001,Arm03,131,N/A,0.921,N/A,0,0
234,S495-AM30-06_S495_L001_M_001,Arm04,179,199,0.489,0.288,0.0,0.0
235,S495-AM30-06_S495_L001_M_001,Arm05,N/A,N/A,N/A,N/A,0,0
236,S495-AM30-06_S495_L001_M_001,Arm06,151,N/A,0.893,N/A,0,0
237,S495-AM30-06_S495_L001_M_001,Arm07,189,177,0.714,0.286,0.0,0.0
238,S495-AM30-06_S495_L001_M_001,Arm08,81,109,0.524,0.413,0.0,0.0
239,S495-AM30-06_S495_L001_M_001,Arm09,N/A,N/A,N/A,N/A,0,0
240,S495-AM30-06_S495_L001_M_001,Arm10,N/A,N/A,N/A,N/A,0,0
241,S495-AM30-06_S495_L001_M_001,Arm11,108,N/A,0.85,N/A,0,0
242,S495-AM30-06_S495_L001_M_001,Armo01,N/A,N/A,N/A,N/A,0,0
243,S495-AM30-06_S495_L001_M_001,Armo02,N/A,N/A,N/A,N/A,0,0
244,S495-AM30-06_S495_L001_M_001,Armo03,N/A,N/A,N/A,N/A,0,0
245,S495-AM30-06_S495_L001_M_001,Am-AG-1,N/A,N/A,N/A,N/A,0,0
246,S495-AM30-06_S495_L001_M_001,Am-AG-10,N/A,N/A,N/A,N/A,0,0
247,S495-AM30-06_S495_L001_M_001,Am-AG-2B,N/A,N/A,N/A,N/A,0,0
248,S495-AM30-06_S495_L001_M_001,Am-AG-4B,N/A,N/A,N/A,N/A,0,0
249,S495-AM30-06_S495_L001_M_001,Am-AG-11,N/A,N/A,N/A,N/A,0,0
250,S495-AM30-06_S495_L001_M_001,Am-ATC-2,N/A,N/A,N/A,N/A,0,0
251,S495-AM30-06_S495_L001_M_001,Am-ATC-3,N/A,N/A,N/A,N/A,0,0
252,S495-AM30-06_S495_L001_M_001,Am-CT-2,N/A,N/A,N/A,N/A,0,0
253,S495-AM30-06_S495_L001_M_001,Am-CT-5,N/A,N/A,N/A,N/A,0,0
254,S496-AM30-17_S496_L001_M_001,Arm01,87,107,0.547,0.296,0.0,0.0
255,S496-AM30-17_S496_L001_M_001,Arm02,N/A,N/A,N/A,N/A,0,0
256,S496-AM30-17_S496_L001_M_001,Arm03,131,N/A,0.909,N/A,0,0
257,S496-AM30-17_S496_L001_M_001,Arm04,171,179,0.448,0.375,0.1,0.1
258,S496-AM30-17_S496_L001_M_001,Arm05,N/A,N/A,N/A,N/A,0,0
259,S496-AM30-17_S496_L001_M_001,Arm06,147.2,151,0.522,0.375,0.0,0.0
260,S496-AM30-17_S496_L001_M_001,Arm07,189,N/A,0.765,N/A,0,0
261,S496-AM30-17_S496_L001_M_001,Arm08,97,N/A,0.929,N/A,0,0
262,S496-AM30-17_S496_L001_M_001,Arm09,N/A,N/A,N/A,N/A,0,0
263,S496-AM30-17_S496_L001_M_001,Arm10,N/A,N/A,N/A,N/A,0,0
264,S496-AM30-17_S496_L001_M_001,Arm11,108,110.2,0.436,0.37,0.0,0.0
265,S496-AM30-17_S496_L001_M_001,Armo01,N/A,N/A,N/A,N/A,0,0
266,S496-AM30-17_S496_L001_M_001,Armo02,N/A,N/A,N/A,N/A,0,0
267,S496-AM30-17_S496_L001_M_001,Armo03,N/A,N/A,N/A,N/A,0,0
268,S496-AM30-17_S496_L001_M_001,Am-AG-1,N/A,N/A,N/A,N/A,0,0
269,S496-AM30-17_S496_L001_M_001,Am-AG-10,N/A,N/A,N/A,N/A,0,0
270,S496-AM30-17_S496_L001_M_001,Am-AG-2B,N/A,N/A,N/A,N/A,0,0
271,S496-AM30-17_S496_L001_M_001,Am-AG-4B,N/A,N/A,N/A,N/A,0,0
272,S496-AM30-17_S496_L001_M_001,Am-AG-11,N/A,N/A,N/A,N/A,0,0
273,S496-AM30-17_S496_L001_M_001,Am-ATC-2,N/A,N/A,N/A,N/A,0,0
274,S496-AM30-17_S496_L001_M_001,Am-ATC-3,N/A,N/A,N/A,N/A,0,0
275,S496-AM30-17_S496_L001_M_001,Am-CT-2,N/A,N/A,N/A,N/A,0,0
276,S496-AM30-17_S496_L001_M_001,Am-CT-5,N/A,N/A,N/A,N/A,0,0
277,S497-AM30-05_S497_L001_M_001,Arm01,95,107,0.485,0.284,0.0,0.0
278,S497-AM30-05_S497_L001_M_001,Arm02,N/A,N/A,N/A,N/A,0,0
279,S497-AM30-05_S497_L001_M_001,Arm03,131,131.2,0.419,0.411,0.0,0.0
280,S497-AM30-05_S497_L001_M_001,Arm04,179,199,0.405,0.262,0.0,0.0
281,S497-AM30-05_S497_L001_M_001,Arm05,N/A,N/A,N/A,N/A,0,0
282,S497-AM30-05_S497_L001_M_001,Arm06,147.2,151,0.486,0.369,0.0,0.0
283,S497-AM30-05_S497_L001_M_001,Arm07,177,Other sequences,0.805,0.104,0,0
284,S497-AM30-05_S497_L001_M_001,Arm08,97,81,0.482,0.438,0.0,0.0
285,S497-AM30-05_S497_L001_M_001,Arm09,N/A,N/A,N/A,N/A,0,0
286,S497-AM30-05_S497_L001_M_001,Arm10,N/A,N/A,N/A,N/A,0,0
287,S497-AM30-05_S497_L001_M_001,Arm11,110.2,108.2,0.746,0.139,0.0,0.0
288,S497-AM30-05_S497_L001_M_001,Armo01,N/A,N/A,N/A,N/A,0,0
289,S497-AM30-05_S497_L001_M_001,Armo02,N/A,N/A,N/A,N/A,0,0
290,S497-AM30-05_S497_L001_M_001,Armo03,N/A,N/A,N/A,N/A,0,0
291,S497-AM30-05_S497_L001_M_001,Am-AG-1,N/A,N/A,N/A,N/A,0,0
292,S497-AM30-05_S497_L001_M_001,Am-AG-10,N/A,N/A,N/A,N/A,0,0
293,S497-AM30-05_S497_L001_M_001,Am-AG-2B,N/A,N/A,N/A,N/A,0,0
294,S497-AM30-05_S497_L001_M_001,Am-AG-4B,N/A,N/A,N/A,N/A,0,0
295,S497-AM30-05_S497_L001_M_001,Am-AG-11,N/A,N/A,N/A,N/A,0,0
296,S497-AM30-05_S497_L001_M_001,Am-ATC-2,N/A,N/A,N/A,N/A,0,0
297,S497-AM30-05_S497_L001_M_001,Am-ATC-3,N/A,N/A,N/A,N/A,0,0
298,S497-AM30-05_S497_L001_M_001,Am-CT-2,N/A,N/A,N/A,N/A,0,0
299,S497-AM30-05_S497_L001_M_001,Am-CT-5,N/A,N/A,N/A,N/A,0,0
300,S498-AM102-22_S498_L001_M_001,Arm01,95,91,0.839,0.109,0.1,0.5
301,S498-AM102-22_S498_L001_M_001,Arm02,N/A,N/A,N/A,N/A,0,0
302,S498-AM102-22_S498_L001_M_001,Arm03,131.2,N/A,0.92,N/A,0,0
303,S498-AM102-22_S498_L001_M_001,Arm04,187,199,0.418,0.335,0.0,0.0
304,S498-AM102-22_S498_L001_M_001,Arm05,N/A,N/A,N/A,N/A,0,0
305,S498-AM102-22_S498_L001_M_001,Arm06,151,N/A,0.899,N/A,0,0
306,S498-AM102-22_S498_L001_M_001,Arm07,185,N/A,0.874,N/A,0,0
307,S498-AM102-22_S498_L001_M_001,Arm08,81,97,0.588,0.369,0.0,0.0
308,S498-AM102-22_S498_L001_M_001,Arm09,N/A,N/A,N/A,N/A,0,0
309,S498-AM102-22_S498_L001_M_001,Arm10,N/A,N/A,N/A,N/A,0,0
310,S498-AM102-22_S498_L001_M_001,Arm11,110,110.2,0.436,0.347,0.0,0.0
311,S498-AM102-22_S498_L001_M_001,Armo01,N/A,N/A,N/A,N/A,0,0
312,S498-AM102-22_S498_L001_M_001,Armo02,N/A,N/A,N/A,N/A,0,0
313,S498-AM102-22_S498_L001_M_001,Armo03,N/A,N/A,N/A,N/A,0,0
314,S498-AM102-22_S498_L001_M_001,Am-AG-1,N/A,N/A,N/A,N/A,0,0
315,S498-AM102-22_S498_L001_M_001,Am-AG-10,N/A,N/A,N/A,N/A,0,0
316,S498-AM102-22_S498_L001_M_001,Am-AG-2B,N/A,N/A,N/A,N/A,0,0
317,S498-AM102-22_S498_L001_M_001,Am-AG-4B,N/A,N/A,N/A,N/A,0,0
318,S498-AM102-22_S498_L001_M_001,Am-AG-11,N/A,N/A,N/A,N/A,0,0
319,S498-AM102-22_S498_L001_M_001,Am-ATC-2,N/A,N/A,N/A,N/A,0,0
320,S498-AM102-22_S498_L001_M_001,Am-ATC-3,N/A,N/A,N/A,N/A,0,0
321,S498-AM102-22_S498_L001_M_001,Am-CT-2,N/A,N/A,N/A,N/A,0,0
322,S498-AM102-22_S498_L001_M_001,Am-CT-5,N/A,N/A,N/A,N/A,0,0
323,S499-AM102-23_S499_L001_M_001,Arm01,95,N/A,0.848,N/A,0,0
324,S499-AM102-23_S499_L001_M_001,Arm02,N/A,N/A,N/A,N/A,0,0
325,S499-AM102-23_S499_L001_M_001,Arm03,131,131.2,0.475,0.442,0.0,0.0
326,S499-AM102-23_S499_L001_M_001,Arm04,179,199,0.497,0.278,0.0,0.0
327,S499-AM102-23_S499_L001_M_001,Arm05,N/A,N/A,N/A,N/A,0,0
328,S499-AM102-23_S499_L001_M_001,Arm06,147.2,151,0.507,0.391,0.0,0.0
329,S499-AM102-23_S499_L001_M_001,Arm07,177,Other sequences,0.75,0.25,0,0
330,S499-AM102-23_S499_L001_M_001,Arm08,97,109,0.488,0.418,0.0,0.0
331,S499-AM102-23_S499_L001_M_001,Arm09,N/A,N/A,N/A,N/A,0,0
332,S499-AM102-23_S499_L001_M_001,Arm10,N/A,N/A,N/A,N/A,0,0
333,S499-AM102-23_S499_L001_M_001,Arm11,110,110.2,0.44,0.349,0.0,0.0
334,S499-AM102-23_S499_L001_M_001,Armo01,N/A,N/A,N/A,N/A,0,0
335,S499-AM102-23_S499_L001_M_001,Armo02,N/A,N/A,N/A,N/A,0,0
336,S499-AM102-23_S499_L001_M_001,Armo03,N/A,N/A,N/A,N/A,0,0
337,S499-AM102-23_S499_L001_M_001,Am-AG-1,N/A,N/A,N/A,N/A,0,0
338,S499-AM102-23_S499_L001_M_001,Am-AG-10,N/A,N/A,N/A,N/A,0,0
339,S499-AM102-23_S499_L001_M_001,Am-AG-2B,N/A,N/A,N/A,N/A,0,0
340,S499-AM102-23_S499_L001_M_001,Am-AG-4B,N/A,N/A,N/A,N/A,0,0
341,S499-AM102-23_S499_L001_M_001,Am-AG-11,N/A,N/A,N/A,N/A,0,0
342,S499-AM102-23_S499_L001_M_001,Am-ATC-2,N/A,N/A,N/A,N/A,0,0
343,S499-AM102-23_S499_L001_M_001,Am-ATC-3,N/A,N/A,N/A,N/A,0,0
344,S499-AM102-23_S499_L001_M_001,Am-CT-2,N/A,N/A,N/A,N/A,0,0
345,S499-AM102-23_S499_L001_M_001,Am-CT-5,N/A,N/A,N/A,N/A,0,0
346,S500-AM46-16_S500_L001_M_001,Arm01,87,103,0.505,0.316,0.0,0.0
347,S500-AM46-16_S500_L001_M_001,Arm02,N/A,N/A,N/A,N/A,0,0
348,S500-AM46-16_S500_L001_M_001,Arm03,119.2,131.2,0.524,0.4,0.0,0.0
349,S500-AM46-16_S500_L001_M_001,Arm04,163,187,0.539,0.278,0.0,0.0
350,S500-AM46-16_S500_L001_M_001,Arm05,N/A,N/A,N/A,N/A,0,0
351,S500-AM46-16_S500_L001_M_001,Arm06,147.2,N/A,0.863,N/A,0,0
352,S500-AM46-16_S500_L001_M_001,Arm07,177,185,0.556,0.222,0.1,0.1
353,S500-AM46-16_S500_L001_M_001,Arm08,97,117,0.79,0.117,0.0,0.0
354,S500-AM46-16_S500_L001_M_001,Arm09,N/A,N/A,N/A,N/A,0,0
355,S500-AM46-16_S500_L001_M_001,Arm10,N/A,N/A,N/A,N/A,0,0
356,S500-AM46-16_S500_L001_M_001,Arm11,108,110.2,0.447,0.29,0.0,0.0
357,S500-AM46-16_S500_L001_M_001,Armo01,N/A,N/A,N/A,N/A,0,0
358,S500-AM46-16_S500_L001_M_001,Armo02,N/A,N/A,N/A,N/A,0,0
359,S500-AM46-16_S500_L001_M_001,Armo03,N/A,N/A,N/A,N/A,0,0
360,S500-AM46-16_S500_L001_M_001,Am-AG-1,N/A,N/A,N/A,N/A,0,0
361,S500-AM46-16_S500_L001_M_001,Am-AG-10,N/A,N/A,N/A,N/A,0,0
362,S500-AM46-16_S500_L001_M_001,Am-AG-2B,N/A,N/A,N/A,N/A,0,0
363,S500-AM46-16_S500_L001_M_001,Am-AG-4B,N/A,N/A,N/A,N/A,0,0
364,S500-AM46-16_S500_L001_M_001,Am-AG-11,N/A,N/A,N/A,N/A,0,0
365,S500-AM46-16_S500_L001_M_001,Am-ATC-2,N/A,N/A,N/A,N/A,0,0
366,S500-AM46-16_S500_L001_M_001,Am-ATC-3,N/A,N/A,N/A,N/A,0,0
367,S500-AM46-16_S500_L001_M_001,Am-CT-2,N/A,N/A,N/A,N/A,0,0
368,S500-AM46-16_S500_L001_M_001,Am-CT-5,N/A,N/A,N/A,N/A,0,0
369,S501-AM46-18_S501_L001_M_001,Arm01,87,103,0.508,0.213,0.0,0.0
370,S501-AM46-18_S501_L001_M_001,Arm02,N/A,N/A,N/A,N/A,0,0
371,S501-AM46-18_S501_L001_M_001,Arm03,119.2,119,0.297,0.281,0.0,0.0
372,S501-AM46-18_S501_L001_M_001,Arm04,187,163,0.272,0.177,0.0,0.0
373,S501-AM46-18_S501_L001_M_001,Arm05,N/A,N/A,N/A,N/A,0,0
374,S501-AM46-18_S501_L001_M_001,Arm06,147.2,N/A,0.747,N/A,0,0
375,S501-AM46-18_S501_L001_M_001,Arm07,185,Other sequences,0.8,0.2,0,0
376,S501-AM46-18_S501_L001_M_001,Arm08,81,93,0.379,0.345,0.0,0.0
377,S501-AM46-18_S501_L001_M_001,Arm09,N/A,N/A,N/A,N/A,0,0
378,S501-AM46-18_S501_L001_M_001,Arm10,N/A,N/A,N/A,N/A,0,0
379,S501-AM46-18_S501_L001_M_001,Arm11,110.2,108,0.407,0.322,0.0,0.0
380,S501-AM46-18_S501_L001_M_001,Armo01,N/A,N/A,N/A,N/A,0,0
381,S501-AM46-18_S501_L001_M_001,Armo02,N/A,N/A,N/A,N/A,0,0
382,S501-AM46-18_S501_L001_M_001,Armo03,N/A,N/A,N/A,N/A,0,0
383,S501-AM46-18_S501_L001_M_001,Am-AG-1,N/A,N/A,N/A,N/A,0,0
384,S501-AM46-18_S501_L001_M_001,Am-AG-10,N/A,N/A,N/A,N/A,0,0
385,S501-AM46-18_S501_L001_M_001,Am-AG-2B,N/A,N/A,N/A,N/A,0,0
386,S501-AM46-18_S501_L001_M_001,Am-AG-4B,N/A,N/A,N/A,N/A,0,0
387,S501-AM46-18_S501_L001_M_001,Am-AG-11,N/A,N/A,N/A,N/A,0,0
388,S501-AM46-18_S501_L001_M_001,Am-ATC-2,N/A,N/A,N/A,N/A,0,0
389,S501-AM46-18_S501_L001_M_001,Am-ATC-3,N/A,N/A,N/A,N/A,0,0
390,S501-AM46-18_S501_L001_M_001,Am-CT-2,N/A,N/A,N/A,N/A,0,0
391,S501-AM46-18_S501_L001_M_001,Am-CT-5,N/A,N/A,N/A,N/A,0,0
392,S502-AM202-01_S502_L001_M_001,Arm01,87,115,0.545,0.286,0.0,0.0
393,S502-AM202-01_S502_L001_M_001,Arm02,N/A,N/A,N/A,N/A,0,0
394,S502-AM202-01_S502_L001_M_001,Arm03,131.2,N/A,0.923,N/A,0,0
395,S502-AM202-01_S502_L001_M_001,Arm04,171,179,0.436,0.39,0.1,0.1
396,S502-AM202-01_S502_L001_M_001,Arm05,N/A,N/A,N/A,N/A,0,0
397,S502-AM202-01_S502_L001_M_001,Arm06,151,N/A,0.899,N/A,0,0
398,S502-AM202-01_S502_L001_M_001,Arm07,185,N/A,0.912,N/A,0,0
399,S502-AM202-01_S502_L001_M_001,Arm08,93,N/A,0.94,N/A,0,0
400,S502-AM202-01_S502_L001_M_001,Arm09,N/A,N/A,N/A,N/A,0,0
401,S502-AM202-01_S502_L001_M_001,Arm10,N/A,N/A,N/A,N/A,0,0
402,S502-AM202-01_S502_L001_M_001,Arm11,110,108.3,0.799,0.138,0.0,0.0
403,S502-AM202-01_S502_L001_M_001,Armo01,N/A,N/A,N/A,N/A,0,0
404,S502-AM202-01_S502_L001_M_001,Armo02,N/A,N/A,N/A,N/A,0,0
405,S502-AM202-01_S502_L001_M_001,Armo03,N/A,N/A,N/A,N/A,0,0
406,S502-AM202-01_S502_L001_M_001,Am-AG-1,N/A,N/A,N/A,N/A,0,0
407,S502-AM202-01_S502_L001_M_001,Am-AG-10,N/A,N/A,N/A,N/A,0,0
408,S502-AM202-01_S502_L001_M_001,Am-AG-2B,N/A,N/A,N/A,N/A,0,0
409,S502-AM202-01_S502_L001_M_001,Am-AG-4B,N/A,N/A,N/A,N/A,0,0
410,S502-AM202-01_S502_L001_M_001,Am-AG-11,N/A,N/A,N/A,N/A,0,0
411,S502-AM202-01_S502_L001_M_001,Am-ATC-2,N/A,N/A,N/A,N/A,0,0
412,S502-AM202-01_S502_L001_M_001,Am-ATC-3,N/A,N/A,N/A,N/A,0,0
413,S502-AM202-01_S502_L001_M_001,Am-CT-2,N/A,N/A,N/A,N/A,0,0
414,S502-AM202-01_S502_L001_M_001,Am-CT-5,N/A,N/A,N/A,N/A,0,0
415,S503-AM205-01_S503_L001_M_001,Arm01,95,107,0.471,0.334,0.0,0.0
416,S503-AM205-01_S503_L001_M_001,Arm02,N/A,N/A,N/A,N/A,0,0
417,S503-AM205-01_S503_L001_M_001,Arm03,131,131.2,0.459,0.454,0.0,0.0
418,S503-AM205-01_S503_L001_M_001,Arm04,179,199,0.511,0.261,0.0,0.0
419,S503-AM205-01_S503_L001_M_001,Arm05,N/A,N/A,N/A,N/A,0,0
420,S503-AM205-01_S503_L001_M_001,Arm06,147.2,151,0.487,0.414,0.0,0.0
421,S503-AM205-01_S503_L001_M_001,Arm07,177,189,0.566,0.34,0.0,0.0
422,S503-AM205-01_S503_L001_M_001,Arm08,97,81,0.476,0.476,0.0,0.0
423,S503-AM205-01_S503_L001_M_001,Arm09,N/A,N/A,N/A,N/A,0,0
424,S503-AM205-01_S503_L001_M_001,Arm10,N/A,N/A,N/A,N/A,0,0
425,S503-AM205-01_S503_L001_M_001,Arm11,110.2,108.2,0.774,0.145,0.0,0.0
426,S503-AM205-01_S503_L001_M_001,Armo01,N/A,N/A,N/A,N/A,0,0
427,S503-AM205-01_S503_L001_M_001,Armo02,N/A,N/A,N/A,N/A,0,0
428,S503-AM205-01_S503_L001_M_001,Armo03,N/A,N/A,N/A,N/A,0,0
429,S503-AM205-01_S503_L001_M_001,Am-AG-1,N/A,N/A,N/A,N/A,0,0
430,S503-AM205-01_S503_L001_M_001,Am-AG-10,N/A,N/A,N/A,N/A,0,0
431,S503-AM205-01_S503_L001_M_001,Am-AG-2B,N/A,N/A,N/A,N/A,0,0
432,S503-AM205-01_S503_L001_M_001,Am-AG-4B,N/A,N/A,N/A,N/A,0,0
433,S503-AM205-01_S503_L001_M_001,Am-AG-11,N/A,N/A,N/A,N/A,0,0
434,S503-AM205-01_S503_L001_M_001,Am-ATC-2,N/A,N/A,N/A,N/A,0,0
435,S503-AM205-01_S503_L001_M_001,Am-ATC-3,N/A,N/A,N/A,N/A,0,0
436,S503-AM205-01_S503_L001_M_001,Am-CT-2,N/A,N/A,N/A,N/A,0,0
437,S503-AM205-01_S503_L001_M_001,Am-CT-5,N/A,N/A,N/A,N/A,0,0
438,S504-AM102-08_S504_L001_M_001,Arm01,95,83,0.393,0.284,0.0,0.0
439,S504-AM102-08_S504_L001_M_001,Arm02,N/A,N/A,N/A,N/A,0,0
440,S504-AM102-08_S504_L001_M_001,Arm03,131,N/A,0.905,N/A,0,0
441,S504-AM102-08_S504_L001_M_001,Arm04,179,N/A,0.811,N/A,0,0
442,S504-AM102-08_S504_L001_M_001,Arm05,N/A,N/A,N/A,N/A,0,0
443,S504-AM102-08_S504_L001_M_001,Arm06,147.2,N/A,0.929,N/A,0,0
444,S504-AM102-08_S504_L001_M_001,Arm07,189,177,0.576,0.332,0.0,0.0
445,S504-AM102-08_S504_L001_M_001,Arm08,97,109,0.538,0.373,0.0,0.0
446,S504-AM102-08_S504_L001_M_001,Arm09,N/A,N/A,N/A,N/A,0,0
447,S504-AM102-08_S504_L001_M_001,Arm10,N/A,N/A,N/A,N/A,0,0
448,S504-AM102-08_S504_L001_M_001,Arm11,110,110.2,0.4,0.396,0.0,0.0
449,S504-AM102-08_S504_L001_M_001,Armo01,N/A,N/A,N/A,N/A,0,0
450,S504-AM102-08_S504_L001_M_001,Armo02,N/A,N/A,N/A,N/A,0,0
451,S504-AM102-08_S504_L001_M_001,Armo03,N/A,N/A,N/A,N/A,0,0
452,S504-AM102-08_S504_L001_M_001,Am-AG-1,N/A,N/A,N/A,N/A,0,0
453,S504-AM102-08_S504_L001_M_001,Am-AG-10,N/A,N/A,N/A,N/A,0,0
454,S504-AM102-08_S504_L001_M_001,Am-AG-2B,N/A,N/A,N/A,N/A,0,0
455,S504-AM102-08_S504_L001_M_001,Am-AG-4B,N/A,N/A,N/A,N/A,0,0
456,S504-AM102-08_S504_L001_M_001,Am-AG-11,N/A,N/A,N/A,N/A,0,0
457,S504-AM102-08_S504_L001_M_001,Am-ATC-2,N/A,N/A,N/A,N/A,0,0
458,S504-AM102-08_S504_L001_M_001,Am-ATC-3,N/A,N/A,N/A,N/A,0,0
459,S504-AM102-08_S504_L001_M_001,Am-CT-2,N/A,N/A,N/A,N/A,0,0
460,S504-AM102-08_S504_L001_M_001,Am-CT-5,N/A,N/A,N/A,N/A,0,0
461,S505-AM30-08_S505_L001_M_001,Arm01,87,N/A,0.866,N/A,0,0
462,S505-AM30-08_S505_L001_M_001,Arm02,N/A,N/A,N/A,N/A,0,0
463,S505-AM30-08_S505_L001_M_001,Arm03,131,N/A,0.909,N/A,0,0
464,S505-AM30-08_S505_L001_M_001,Arm04,179,191,0.442,0.334,0.0,0.0
465,S505-AM30-08_S505_L001_M_001,Arm05,N/A,N/A,N/A,N/A,0,0
466,S505-AM30-08_S505_L001_M_001,Arm06,147.2,N/A,0.923,N/A,0,0
467,S505-AM30-08_S505_L001_M_001,Arm07,185,N/A,0.885,N/A,0,0
468,S505-AM30-08_S505_L001_M_001,Arm08,81,97,0.665,0.288,0.0,0.0
469,S505-AM30-08_S505_L001_M_001,Arm09,N/A,N/A,N/A,N/A,0,0
470,S505-AM30-08_S505_L001_M_001,Arm10,N/A,N/A,N/A,N/A,0,0
471,S505-AM30-08_S505_L001_M_001,Arm11,108,110.2,0.477,0.332,0.0,0.0
472,S505-AM30-08_S505_L001_M_001,Armo01,N/A,N/A,N/A,N/A,0,0
473,S505-AM30-08_S505_L001_M_001,Armo02,N/A,N/A,N/A,N/A,0,0
474,S505-AM30-08_S505_L001_M_001,Armo03,N/A,N/A,N/A,N/A,0,0
475,S505-AM30-08_S505_L001_M_001,Am-AG-1,N/A,N/A,N/A,N/A,0,0
476,S505-AM30-08_S505_L001_M_001,Am-AG-10,N/A,N/A,N/A,N/A,0,0
477,S505-AM30-08_S505_L001_M_001,Am-AG-2B,N/A,N/A,N/A,N/A,0,0
478,S505-AM30-08_S505_L001_M_001,Am-AG-4B,N/A,N/A,N/A,N/A,0,0
479,S505-AM30-08_S505_L001_M_001,Am-AG-11,N/A,N/A,N/A,N/A,0,0
480,S505-AM30-08_S505_L001_M_001,Am-ATC-2,N/A,N/A,N/A,N/A,0,0
481,S505-AM30-08_S505_L001_M_001,Am-ATC-3,N/A,N/A,N/A,N/A,0,0
482,S505-AM30-08_S505_L001_M_001,Am-CT-2,N/A,N/A,N/A,N/A,0,0
483,S505-AM30-08_S505_L001_M_001,Am-CT-5,N/A,N/A,N/A,N/A,0,0
484,S506-AM30-03_S506_L001_M_001,Arm01,83,95,0.468,0.39,0.0,0.0
485,S506-AM30-03_S506_L001_M_001,Arm02,N/A,N/A,N/A,N/A,0,0
486,S506-AM30-03_S506_L001_M_001,Arm03,119.2,131,0.489,0.376,0.0,0.0
487,S506-AM30-03_S506_L001_M_001,Arm04,163,179,0.491,0.341,0.0,0.0
488,S506-AM30-03_S506_L001_M_001,Arm05,N/A,N/A,N/A,N/A,0,0
489,S506-AM30-03_S506_L001_M_001,Arm06,151,201,0.364,0.349,0.0,0.0
490,S506-AM30-03_S506_L001_M_001,Arm07,189,177,0.59,0.294,0.0,0.0
491,S506-AM30-03_S506_L001_M_001,Arm08,93,109,0.545,0.362,0.0,0.0
492,S506-AM30-03_S506_L001_M_001,Arm09,N/A,N/A,N/A,N/A,0,0
493,S506-AM30-03_S506_L001_M_001,Arm10,N/A,N/A,N/A,N/A,0,0
494,S506-AM30-03_S506_L001_M_001,Arm11,108,110.2,0.433,0.376,0.0,0.0
495,S506-AM30-03_S506_L001_M_001,Armo01,N/A,N/A,N/A,N/A,0,0
496,S506-AM30-03_S506_L001_M_001,Armo02,N/A,N/A,N/A,N/A,0,0
497,S506-AM30-03_S506_L001_M_001,Armo03,N/A,N/A,N/A,N/A,0,0
498,S506-AM30-03_S506_L001_M_001,Am-AG-1,N/A,N/A,N/A,N/A,0,0
499,S506-AM30-03_S506_L001_M_001,Am-AG-10,N/A,N/A,N/A,N/A,0,0
500,S506-AM30-03_S506_L001_M_001,Am-AG-2B,N/A,N/A,N/A,N/A,0,0
501,S506-AM30-03_S506_L001_M_001,Am-AG-4B,N/A,N/A,N/A,N/A,0,0
502,S506-AM30-03_S506_L001_M_001,Am-AG-11,N/A,N/A,N/A,N/A,0,0
503,S506-AM30-03_S506_L001_M_001,Am-ATC-2,N/A,N/A,N/A,N/A,0,0
504,S506-AM30-03_S506_L001_M_001,Am-ATC-3,N/A,N/A,N/A,N/A,0,0
505,S506-AM30-03_S506_L001_M_001,Am-CT-2,N/A,N/A,N/A,N/A,0,0
506,S506-AM30-03_S506_L001_M_001,Am-CT-5,N/A,N/A,N/A,N/A,0,0
507,S507-AM46-12_S507_L001_M_001,Arm01,87,103,0.432,0.398,0.0,0.0
508,S507-AM46-12_S507_L001_M_001,Arm02,N/A,N/A,N/A,N/A,0,0
509,S507-AM46-12_S507_L001_M_001,Arm03,119.2,131.2,0.553,0.323,0.0,0.0
510,S507-AM46-12_S507_L001_M_001,Arm04,163,187,0.44,0.259,0.0,0.0
511,S507-AM46-12_S507_L001_M_001,Arm05,N/A,N/A,N/A,N/A,0,0
512,S507-AM46-12_S507_L001_M_001,Arm06,147.2,N/A,0.873,N/A,0,0
513,S507-AM46-12_S507_L001_M_001,Arm07,177,Other sequences,0.83,0.14,0,0
514,S507-AM46-12_S507_L001_M_001,Arm08,109,113,0.716,0.176,0.5,0.1
515,S507-AM46-12_S507_L001_M_001,Arm09,N/A,N/A,N/A,N/A,0,0
516,S507-AM46-12_S507_L001_M_001,Arm10,N/A,N/A,N/A,N/A,0,0
517,S507-AM46-12_S507_L001_M_001,Arm11,108,110.2,0.418,0.343,0.0,0.0
518,S507-AM46-12_S507_L001_M_001,Armo01,N/A,N/A,N/A,N/A,0,0
519,S507-AM46-12_S507_L001_M_001,Armo02,N/A,N/A,N/A,N/A,0,0
520,S507-AM46-12_S507_L001_M_001,Armo03,N/A,N/A,N/A,N/A,0,0
521,S507-AM46-12_S507_L001_M_001,Am-AG-1,N/A,N/A,N/A,N/A,0,0
522,S507-AM46-12_S507_L001_M_001,Am-AG-10,N/A,N/A,N/A,N/A,0,0
523,S507-AM46-12_S507_L001_M_001,Am-AG-2B,N/A,N/A,N/A,N/A,0,0
524,S507-AM46-12_S507_L001_M_001,Am-AG-4B,N/A,N/A,N/A,N/A,0,0
525,S507-AM46-12_S507_L001_M_001,Am-AG-11,N/A,N/A,N/A,N/A,0,0
526,S507-AM46-12_S507_L001_M_001,Am-ATC-2,N/A,N/A,N/A,N/A,0,0
527,S507-AM46-12_S507_L001_M_001,Am-ATC-3,N/A,N/A,N/A,N/A,0,0
528,S507-AM46-12_S507_L001_M_001,Am-CT-2,N/A,N/A,N/A,N/A,0,0
529,S507-AM46-12_S507_L001_M_001,Am-CT-5,N/A,N/A,N/A,N/A,0,0
530,S508-AM102-09_S508_L001_M_001,Arm01,95,107,0.471,0.353,0.0,0.0
531,S508-AM102-09_S508_L001_M_001,Arm02,N/A,N/A,N/A,N/A,0,0
532,S508-AM102-09_S508_L001_M_001,Arm03,131.2,131,0.461,0.455,0.0,0.0
533,S508-AM102-09_S508_L001_M_001,Arm04,179,175,0.78,0.107,0.1,0.5
534,S508-AM102-09_S508_L001_M_001,Arm05,N/A,N/A,N/A,N/A,0,0
535,S508-AM102-09_S508_L001_M_001,Arm06,151,N/A,0.894,N/A,0,0
536,S508-AM102-09_S508_L001_M_001,Arm07,185,N/A,0.886,N/A,0,0
537,S508-AM102-09_S508_L001_M_001,Arm08,81,109,0.596,0.344,0.0,0.0
538,S508-AM102-09_S508_L001_M_001,Arm09,N/A,N/A,N/A,N/A,0,0
539,S508-AM102-09_S508_L001_M_001,Arm10,N/A,N/A,N/A,N/A,0,0
540,S508-AM102-09_S508_L001_M_001,Arm11,110,110.2,0.438,0.347,0.0,0.0
541,S508-AM102-09_S508_L001_M_001,Armo01,N/A,N/A,N/A,N/A,0,0
542,S508-AM102-09_S508_L001_M_001,Armo02,N/A,N/A,N/A,N/A,0,0
543,S508-AM102-09_S508_L001_M_001,Armo03,N/A,N/A,N/A,N/A,0,0
544,S508-AM102-09_S508_L001_M_001,Am-AG-1,N/A,N/A,N/A,N/A,0,0
545,S508-AM102-09_S508_L001_M_001,Am-AG-10,N/A,N/A,N/A,N/A,0,0
546,S508-AM102-09_S508_L001_M_001,Am-AG-2B,N/A,N/A,N/A,N/A,0,0
547,S508-AM102-09_S508_L001_M_001,Am-AG-4B,N/A,N/A,N/A,N/A,0,0
548,S508-AM102-09_S508_L001_M_001,Am-AG-11,N/A,N/A,N/A,N/A,0,0
549,S508-AM102-09_S508_L001_M_001,Am-ATC-2,N/A,N/A,N/A,N/A,0,0
550,S508-AM102-09_S508_L001_M_001,Am-ATC-3,N/A,N/A,N/A,N/A,0,0
551,S508-AM102-09_S508_L001_M_001,Am-CT-2,N/A,N/A,N/A,N/A,0,0
552,S508-AM102-09_S508_L001_M_001,Am-CT-5,N/A,N/A,N/A,N/A,0,0
553,S509-AM30-09_S509_L001_M_001,Arm01,87,N/A,0.844,N/A,0,0
554,S509-AM30-09_S509_L001_M_001,Arm02,N/A,N/A,N/A,N/A,0,0
555,S509-AM30-09_S509_L001_M_001,Arm03,131,N/A,0.919,N/A,0,0
556,S509-AM30-09_S509_L001_M_001,Arm04,179,191,0.412,0.377,0.0,0.0
557,S509-AM30-09_S509_L001_M_001,Arm05,N/A,N/A,N/A,N/A,0,0
558,S509-AM30-09_S509_L001_M_001,Arm06,147.2,N/A,0.922,N/A,0,0
559,S509-AM30-09_S509_L001_M_001,Arm07,185,N/A,0.887,N/A,0,0
560,S509-AM30-09_S509_L001_M_001,Arm08,81,97,0.481,0.474,0.0,0.0
561,S509-AM30-09_S509_L001_M_001,Arm09,N/A,N/A,N/A,N/A,0,0
562,S509-AM30-09_S509_L001_M_001,Arm10,N/A,N/A,N/A,N/A,0,0
563,S509-AM30-09_S509_L001_M_001,Arm11,108,110.2,0.434,0.37,0.0,0.0
564,S509-AM30-09_S509_L001_M_001,Armo01,N/A,N/A,N/A,N/A,0,0
565,S509-AM30-09_S509_L001_M_001,Armo02,N/A,N/A,N/A,N/A,0,0
566,S509-AM30-09_S509_L001_M_001,Armo03,N/A,N/A,N/A,N/A,0,0
567,S509-AM30-09_S509_L001_M_001,Am-AG-1,N/A,N/A,N/A,N/A,0,0
568,S509-AM30-09_S509_L001_M_001,Am-AG-10,N/A,N/A,N/A,N/A,0,0
569,S509-AM30-09_S509_L001_M_001,Am-AG-2B,N/A,N/A,N/A,N/A,0,0
570,S509-AM30-09_S509_L001_M_001,Am-AG-4B,N/A,N/A,N/A,N/A,0,0
571,S509-AM30-09_S509_L001_M_001,Am-AG-11,N/A,N/A,N/A,N/A,0,0
572,S509-AM30-09_S509_L001_M_001,Am-ATC-2,N/A,N/A,N/A,N/A,0,0
573,S509-AM30-09_S509_L001_M_001,Am-ATC-3,N/A,N/A,N/A,N/A,0,0
574,S509-AM30-09_S509_L001_M_001,Am-CT-2,N/A,N/A,N/A,N/A,0,0
575,S509-AM30-09_S509_L001_M_001,Am-CT-5,N/A,N/A,N/A,N/A,0,0
576,S510-AM102-18_S510_L001_M_001,Arm01,95,107,0.506,0.308,0.0,0.0
577,S510-AM102-18_S510_L001_M_001,Arm02,N/A,N/A,N/A,N/A,0,0
578,S510-AM102-18_S510_L001_M_001,Arm03,131,N/A,0.903,N/A,0,0
579,S510-AM102-18_S510_L001_M_001,Arm04,179,175,0.787,0.107,0.1,0.5
580,S510-AM102-18_S510_L001_M_001,Arm05,N/A,N/A,N/A,N/A,0,0
581,S510-AM102-18_S510_L001_M_001,Arm06,147.2,151,0.48,0.402,0.0,0.0
582,S510-AM102-18_S510_L001_M_001,Arm07,177,N/A,0.857,N/A,0,0
583,S510-AM102-18_S510_L001_M_001,Arm08,97,81,0.527,0.413,0.0,0.0
584,S510-AM102-18_S510_L001_M_001,Arm09,N/A,N/A,N/A,N/A,0,0
585,S510-AM102-18_S510_L001_M_001,Arm10,N/A,N/A,N/A,N/A,0,0
586,S510-AM102-18_S510_L001_M_001,Arm11,110.2,108.2,0.759,0.155,0.0,0.0
587,S510-AM102-18_S510_L001_M_001,Armo01,N/A,N/A,N/A,N/A,0,0
588,S510-AM102-18_S510_L001_M_001,Armo02,N/A,N/A,N/A,N/A,0,0
589,S510-AM102-18_S510_L001_M_001,Armo03,N/A,N/A,N/A,N/A,0,0
590,S510-AM102-18_S510_L001_M_001,Am-AG-1,N/A,N/A,N/A,N/A,0,0
591,S510-AM102-18_S510_L001_M_001,Am-AG-10,N/A,N/A,N/A,N/A,0,0
592,S510-AM102-18_S510_L001_M_001,Am-AG-2B,N/A,N/A,N/A,N/A,0,0
593,S510-AM102-18_S510_L001_M_001,Am-AG-4B,N/A,N/A,N/A,N/A,0,0
594,S510-AM102-18_S510_L001_M_001,Am-AG-11,N/A,N/A,N/A,N/A,0,0
595,S510-AM102-18_S510_L001_M_001,Am-ATC-2,N/A,N/A,N/A,N/A,0,0
596,S510-AM102-18_S510_L001_M_001,Am-ATC-3,N/A,N/A,N/A,N/A,0,0
597,S510-AM102-18_S510_L001_M_001,Am-CT-2,N/A,N/A,N/A,N/A,0,0
598,S510-AM102-18_S510_L001_M_001,Am-CT-5,N/A,N/A,N/A,N/A,0,0
599,S511-AM30-02_S511_L001_M_001,Arm01,83,91,0.468,0.409,0.1,0.1
600,S511-AM30-02_S511_L001_M_001,Arm02,N/A,N/A,N/A,N/A,0,0
601,S511-AM30-02_S511_L001_M_001,Arm03,131,N/A,0.927,N/A,0,0
602,S511-AM30-02_S511_L001_M_001,Arm04,179,N/A,0.816,N/A,0,0
603,S511-AM30-02_S511_L001_M_001,Arm05,N/A,N/A,N/A,N/A,0,0
604,S511-AM30-02_S511_L001_M_001,Arm06,147.2,151,0.542,0.354,0.0,0.0
605,S511-AM30-02_S511_L001_M_001,Arm07,185,N/A,1.0,N/A,0,0
606,S511-AM30-02_S511_L001_M_001,Arm08,81,93,0.541,0.421,0.0,0.0
607,S511-AM30-02_S511_L001_M_001,Arm09,N/A,N/A,N/A,N/A,0,0
608,S511-AM30-02_S511_L001_M_001,Arm10,N/A,N/A,N/A,N/A,0,0
609,S511-AM30-02_S511_L001_M_001,Arm11,110,110.2,0.434,0.365,0.0,0.0
610,S511-AM30-02_S511_L001_M_001,Armo01,N/A,N/A,N/A,N/A,0,0
611,S511-AM30-02_S511_L001_M_001,Armo02,N/A,N/A,N/A,N/A,0,0
612,S511-AM30-02_S511_L001_M_001,Armo03,N/A,N/A,N/A,N/A,0,0
613,S511-AM30-02_S511_L001_M_001,Am-AG-1,N/A,N/A,N/A,N/A,0,0
614,S511-AM30-02_S511_L001_M_001,Am-AG-10,N/A,N/A,N/A,N/A,0,0
615,S511-AM30-02_S511_L001_M_001,Am-AG-2B,N/A,N/A,N/A,N/A,0,0
616,S511-AM30-02_S511_L001_M_001,Am-AG-4B,N/A,N/A,N/A,N/A,0,0
617,S511-AM30-02_S511_L001_M_001,Am-AG-11,N/A,N/A,N/A,N/A,0,0
618,S511-AM30-02_S511_L001_M_001,Am-ATC-2,N/A,N/A,N/A,N/A,0,0
619,S511-AM30-02_S511_L001_M_001,Am-ATC-3,N/A,N/A,N/A,N/A,0,0
620,S511-AM30-02_S511_L001_M_001,Am-CT-2,N/A,N/A,N/A,N/A,0,0
621,S511-AM30-02_S511_L001_M_001,Am-CT-5,N/A,N/A,N/A,N/A,0,0
622,S512-AM30-10_S512_L001_M_001,Arm01,95,107,0.536,0.289,0.0,0.0
623,S512-AM30-10_S512_L001_M_001,Arm02,N/A,N/A,N/A,N/A,0,0
624,S512-AM30-10_S512_L001_M_001,Arm03,131.2,N/A,0.908,N/A,0,0
625,S512-AM30-10_S512_L001_M_001,Arm04,163,199,0.562,0.257,0.0,0.0
626,S512-AM30-10_S512_L001_M_001,Arm05,N/A,N/A,N/A,N/A,0,0
627,S512-AM30-10_S512_L001_M_001,Arm06,147.2,N/A,0.923,N/A,0,0
628,S512-AM30-10_S512_L001_M_001,Arm07,177,185,0.455,0.446,0.1,0.1
629,S512-AM30-10_S512_L001_M_001,Arm08,81,97,0.696,0.267,0.0,0.0
630,S512-AM30-10_S512_L001_M_001,Arm09,N/A,N/A,N/A,N/A,0,0
631,S512-AM30-10_S512_L001_M_001,Arm10,N/A,N/A,N/A,N/A,0,0
632,S512-AM30-10_S512_L001_M_001,Arm11,110.2,108.2,0.795,0.144,0.0,0.0
633,S512-AM30-10_S512_L001_M_001,Armo01,N/A,N/A,N/A,N/A,0,0
634,S512-AM30-10_S512_L001_M_001,Armo02,N/A,N/A,N/A,N/A,0,0
635,S512-AM30-10_S512_L001_M_001,Armo03,N/A,N/A,N/A,N/A,0,0
636,S512-AM30-10_S512_L001_M_001,Am-AG-1,N/A,N/A,N/A,N/A,0,0
637,S512-AM30-10_S512_L001_M_001,Am-AG-10,N/A,N/A,N/A,N/A,0,0
638,S512-AM30-10_S512_L001_M_001,Am-AG-2B,N/A,N/A,N/A,N/A,0,0
639,S512-AM30-10_S512_L001_M_001,Am-AG-4B,N/A,N/A,N/A,N/A,0,0
640,S512-AM30-10_S512_L001_M_001,Am-AG-11,N/A,N/A,N/A,N/A,0,0
641,S512-AM30-10_S512_L001_M_001,Am-ATC-2,N/A,N/A,N/A,N/A,0,0
642,S512-AM30-10_S512_L001_M_001,Am-ATC-3,N/A,N/A,N/A,N/A,0,0
643,S512-AM30-10_S512_L001_M_001,Am-CT-2,N/A,N/A,N/A,N/A,0,0
644,S512-AM30-10_S512_L001_M_001,Am-CT-5,N/A,N/A,N/A,N/A,0,0
645,S513-AM202-02_S513_L001_M_001,Arm01,87,107,0.595,0.26,0.0,0.0
646,S513-AM202-02_S513_L001_M_001,Arm02,N/A,N/A,N/A,N/A,0,0
647,S513-AM202-02_S513_L001_M_001,Arm03,131,N/A,0.908,N/A,0,0
648,S513-AM202-02_S513_L001_M_001,Arm04,191,199,0.403,0.327,0.1,0.1
649,S513-AM202-02_S513_L001_M_001,Arm05,N/A,N/A,N/A,N/A,0,0
650,S513-AM202-02_S513_L001_M_001,Arm06,151,N/A,0.89,N/A,0,0
651,S513-AM202-02_S513_L001_M_001,Arm07,177,185,0.474,0.368,0.1,0.1
652,S513-AM202-02_S513_L001_M_001,Arm08,81,N/A,0.953,N/A,0,0
653,S513-AM202-02_S513_L001_M_001,Arm09,N/A,N/A,N/A,N/A,0,0
654,S513-AM202-02_S513_L001_M_001,Arm10,N/A,N/A,N/A,N/A,0,0
655,S513-AM202-02_S513_L001_M_001,Arm11,110,110.2,0.414,0.353,0.0,0.0
656,S513-AM202-02_S513_L001_M_001,Armo01,N/A,N/A,N/A,N/A,0,0
657,S513-AM202-02_S513_L001_M_001,Armo02,N/A,N/A,N/A,N/A,0,0
658,S513-AM202-02_S513_L001_M_001,Armo03,N/A,N/A,N/A,N/A,0,0
659,S513-AM202-02_S513_L001_M_001,Am-AG-1,N/A,N/A,N/A,N/A,0,0
660,S513-AM202-02_S513_L001_M_001,Am-AG-10,N/A,N/A,N/A,N/A,0,0
661,S513-AM202-02_S513_L001_M_001,Am-AG-2B,N/A,N/A,N/A,N/A,0,0
662,S513-AM202-02_S513_L001_M_001,Am-AG-4B,N/A,N/A,N/A,N/A,0,0
663,S513-AM202-02_S513_L001_M_001,Am-AG-11,N/A,N/A,N/A,N/A,0,0
664,S513-AM202-02_S513_L001_M_001,Am-ATC-2,N/A,N/A,N/A,N/A,0,0
665,S513-AM202-02_S513_L001_M_001,Am-ATC-3,N/A,N/A,N/A,N/A,0,0
666,S513-AM202-02_S513_L001_M_001,Am-CT-2,N/A,N/A,N/A,N/A,0,0
667,S513-AM202-02_S513_L001_M_001,Am-CT-5,N/A,N/A,N/A,N/A,0,0
668,S514-AM46-14_S514_L001_M_001,Arm01,87,103,0.497,0.335,0.0,0.0
669,S514-AM46-14_S514_L001_M_001,Arm02,N/A,N/A,N/A,N/A,0,0
670,S514-AM46-14_S514_L001_M_001,Arm03,119.2,131.2,0.543,0.385,0.0,0.0
671,S514-AM46-14_S514_L001_M_001,Arm04,163,187,0.537,0.28,0.0,0.0
672,S514-AM46-14_S514_L001_M_001,Arm05,N/A,N/A,N/A,N/A,0,0
673,S514-AM46-14_S514_L001_M_001,Arm06,147.2,N/A,0.919,N/A,0,0
674,S514-AM46-14_S514_L001_M_001,Arm07,177,185,0.682,0.227,0.1,0.1
675,S514-AM46-14_S514_L001_M_001,Arm08,109,113,0.619,0.293,0.5,0.1
676,S514-AM46-14_S514_L001_M_001,Arm09,N/A,N/A,N/A,N/A,0,0
677,S514-AM46-14_S514_L001_M_001,Arm10,N/A,N/A,N/A,N/A,0,0
678,S514-AM46-14_S514_L001_M_001,Arm11,108,110.2,0.45,0.334,0.0,0.0
679,S514-AM46-14_S514_L001_M_001,Armo01,N/A,N/A,N/A,N/A,0,0
680,S514-AM46-14_S514_L001_M_001,Armo02,N/A,N/A,N/A,N/A,0,0
681,S514-AM46-14_S514_L001_M_001,Armo03,N/A,N/A,N/A,N/A,0,0
682,S514-AM46-14_S514_L001_M_001,Am-AG-1,N/A,N/A,N/A,N/A,0,0
683,S514-AM46-14_S514_L001_M_001,Am-AG-10,N/A,N/A,N/A,N/A,0,0
684,S514-AM46-14_S514_L001_M_001,Am-AG-2B,N/A,N/A,N/A,N/A,0,0
685,S514-AM46-14_S514_L001_M_001,Am-AG-4B,N/A,N/A,N/A,N/A,0,0
686,S514-AM46-14_S514_L001_M_001,Am-AG-11,N/A,N/A,N/A,N/A,0,0
687,S514-AM46-14_S514_L001_M_001,Am-ATC-2,N/A,N/A,N/A,N/A,0,0
688,S514-AM46-14_S514_L001_M_001,Am-ATC-3,N/A,N/A,N/A,N/A,0,0
689,S514-AM46-14_S514_L001_M_001,Am-CT-2,N/A,N/A,N/A,N/A,0,0
690,S514-AM46-14_S514_L001_M_001,Am-CT-5,N/A,N/A,N/A,N/A,0,0
691,S515-AM30-15_S515_L001_M_001,Arm01,87,107,0.549,0.296,0.0,0.0
692,S515-AM30-15_S515_L001_M_001,Arm02,N/A,N/A,N/A,N/A,0,0
693,S515-AM30-15_S515_L001_M_001,Arm03,131.2,N/A,0.915,N/A,0,0
694,S515-AM30-15_S515_L001_M_001,Arm04,163,191,0.55,0.273,0.0,0.0
695,S515-AM30-15_S515_L001_M_001,Arm05,N/A,N/A,N/A,N/A,0,0
696,S515-AM30-15_S515_L001_M_001,Arm06,147.2,151,0.498,0.408,0.0,0.0
697,S515-AM30-15_S515_L001_M_001,Arm07,185,N/A,0.886,N/A,0,0
698,S515-AM30-15_S515_L001_M_001,Arm08,81,97,0.513,0.441,0.0,0.0
699,S515-AM30-15_S515_L001_M_001,Arm09,N/A,N/A,N/A,N/A,0,0
700,S515-AM30-15_S515_L001_M_001,Arm10,N/A,N/A,N/A,N/A,0,0
701,S515-AM30-15_S515_L001_M_001,Arm11,108,110.2,0.41,0.386,0.0,0.0
702,S515-AM30-15_S515_L001_M_001,Armo01,N/A,N/A,N/A,N/A,0,0
703,S515-AM30-15_S515_L001_M_001,Armo02,N/A,N/A,N/A,N/A,0,0
704,S515-AM30-15_S515_L001_M_001,Armo03,N/A,N/A,N/A,N/A,0,0
705,S515-AM30-15_S515_L001_M_001,Am-AG-1,N/A,N/A,N/A,N/A,0,0
706,S515-AM30-15_S515_L001_M_001,Am-AG-10,N/A,N/A,N/A,N/A,0,0
707,S515-AM30-15_S515_L001_M_001,Am-AG-2B,N/A,N/A,N/A,N/A,0,0
708,S515-AM30-15_S515_L001_M_001,Am-AG-4B,N/A,N/A,N/A,N/A,0,0
709,S515-AM30-15_S515_L001_M_001,Am-AG-11,N/A,N/A,N/A,N/A,0,0
710,S515-AM30-15_S515_L001_M_001,Am-ATC-2,N/A,N/A,N/A,N/A,0,0
711,S515-AM30-15_S515_L001_M_001,Am-ATC-3,N/A,N/A,N/A,N/A,0,0
712,S515-AM30-15_S515_L001_M_001,Am-CT-2,N/A,N/A,N/A,N/A,0,0
713,S515-AM30-15_S515_L001_M_001,Am-CT-5,N/A,N/A,N/A,N/A,0,0
714,S516-AM46-02_S516_L001_M_001,Arm01,87,103,0.714,0.163,0.0,0.0
715,S516-AM46-02_S516_L001_M_001,Arm02,N/A,N/A,N/A,N/A,0,0
716,S516-AM46-02_S516_L001_M_001,Arm03,131,119.2,0.432,0.341,0.0,0.0
717,S516-AM46-02_S516_L001_M_001,Arm04,163,187,0.505,0.184,0.0,0.0
718,S516-AM46-02_S516_L001_M_001,Arm05,N/A,N/A,N/A,N/A,0,0
719,S516-AM46-02_S516_L001_M_001,Arm06,147.2,Other sequences,0.632,0.158,0,0
720,S516-AM46-02_S516_L001_M_001,Arm07,177,Other sequences,0.9,0.1,0,0
721,S516-AM46-02_S516_L001_M_001,Arm08,81,113,0.407,0.22,0.0,0.0
722,S516-AM46-02_S516_L001_M_001,Arm09,N/A,N/A,N/A,N/A,0,0
723,S516-AM46-02_S516_L001_M_001,Arm10,N/A,N/A,N/A,N/A,0,0
724,S516-AM46-02_S516_L001_M_001,Arm11,108,110.2,0.333,0.303,0.0,0.0
725,S516-AM46-02_S516_L001_M_001,Armo01,N/A,N/A,N/A,N/A,0,0
726,S516-AM46-02_S516_L001_M_001,Armo02,N/A,N/A,N/A,N/A,0,0
727,S516-AM46-02_S516_L001_M_001,Armo03,N/A,N/A,N/A,N/A,0,0
728,S516-AM46-02_S516_L001_M_001,Am-AG-1,N/A,N/A,N/A,N/A,0,0
729,S516-AM46-02_S516_L001_M_001,Am-AG-10,N/A,N/A,N/A,N/A,0,0
730,S516-AM46-02_S516_L001_M_001,Am-AG-2B,N/A,N/A,N/A,N/A,0,0
731,S516-AM46-02_S516_L001_M_001,Am-AG-4B,N/A,N/A,N/A,N/A,0,0
732,S516-AM46-02_S516_L001_M_001,Am-AG-11,N/A,N/A,N/A,N/A,0,0
733,S516-AM46-02_S516_L001_M_001,Am-ATC-2,N/A,N/A,N/A,N/A,0,0
734,S516-AM46-02_S516_L001_M_001,Am-ATC-3,N/A,N/A,N/A,N/A,0,0
735,S516-AM46-02_S516_L001_M_001,Am-CT-2,N/A,N/A,N/A,N/A,0,0
736,S516-AM46-02_S516_L001_M_001,Am-CT-5,N/A,N/A,N/A,N/A,0,0
737,S517-AM30-12_S517_L001_M_001,Arm01,87,N/A,0.81,N/A,0,0
738,S517-AM30-12_S517_L001_M_001,Arm02,N/A,N/A,N/A,N/A,0,0
739,S517-AM30-12_S517_L001_M_001,Arm03,131,Other sequences,0.788,0.131,0,0
740,S517-AM30-12_S517_L001_M_001,Arm04,163,Other sequences,0.306,0.253,0,0
741,S517-AM30-12_S517_L001_M_001,Arm05,N/A,N/A,N/A,N/A,0,0
742,S517-AM30-12_S517_L001_M_001,Arm06,147.2,151,0.472,0.292,0.0,0.0
743,S517-AM30-12_S517_L001_M_001,Arm07,177,185,0.438,0.321,0.1,0.1
744,S517-AM30-12_S517_L001_M_001,Arm08,113,81,0.487,0.32,0.0,0.0
745,S517-AM30-12_S517_L001_M_001,Arm09,N/A,N/A,N/A,N/A,0,0
746,S517-AM30-12_S517_L001_M_001,Arm10,N/A,N/A,N/A,N/A,0,0
747,S517-AM30-12_S517_L001_M_001,Arm11,110,110.2,0.399,0.371,0.0,0.0
748,S517-AM30-12_S517_L001_M_001,Armo01,N/A,N/A,N/A,N/A,0,0
749,S517-AM30-12_S517_L001_M_001,Armo02,N/A,N/A,N/A,N/A,0,0
750,S517-AM30-12_S517_L001_M_001,Armo03,N/A,N/A,N/A,N/A,0,0
751,S517-AM30-12_S517_L001_M_001,Am-AG-1,N/A,N/A,N/A,N/A,0,0
752,S517-AM30-12_S517_L001_M_001,Am-AG-10,N/A,N/A,N/A,N/A,0,0
753,S517-AM30-12_S517_L001_M_001,Am-AG-2B,N/A,N/A,N/A,N/A,0,0
754,S517-AM30-12_S517_L001_M_001,Am-AG-4B,N/A,N/A,N/A,N/A,0,0
755,S517-AM30-12_S517_L001_M_001,Am-AG-11,N/A,N/A,N/A,N/A,0,0
756,S517-AM30-12_S517_L001_M_001,Am-ATC-2,N/A,N/A,N/A,N/A,0,0
757,S517-AM30-12_S517_L001_M_001,Am-ATC-3,N/A,N/A,N/A,N/A,0,0
758,S517-AM30-12_S517_L001_M_001,Am-CT-2,N/A,N/A,N/A,N/A,0,0
759,S517-AM30-12_S517_L001_M_001,Am-CT-5,N/A,N/A,N/A,N/A,0,0
760,S518-AM205-02_S518_L001_M_001,Arm01,87,107,0.513,0.304,0.0,0.0
761,S518-AM205-02_S518_L001_M_001,Arm02,N/A,N/A,N/A,N/A,0,0
762,S518-AM205-02_S518_L001_M_001,Arm03,131,N/A,0.886,N/A,0,0
763,S518-AM205-02_S518_L001_M_001,Arm04,179,199,0.446,0.277,0.0,0.0
764,S518-AM205-02_S518_L001_M_001,Arm05,N/A,N/A,N/A,N/A,0,0
765,S518-AM205-02_S518_L001_M_001,Arm06,151,N/A,0.881,N/A,0,0
766,S518-AM205-02_S518_L001_M_001,Arm07,Other sequences,N/A,1.0,N/A,0,0
767,S518-AM205-02_S518_L001_M_001,Arm08,81,109,0.626,0.31,0.0,0.0
768,S518-AM205-02_S518_L001_M_001,Arm09,N/A,N/A,N/A,N/A,0,0
769,S518-AM205-02_S518_L001_M_001,Arm10,N/A,N/A,N/A,N/A,0,0
770,S518-AM205-02_S518_L001_M_001,Arm11,108,N/A,0.83,N/A,0,0
771,S518-AM205-02_S518_L001_M_001,Armo01,N/A,N/A,N/A,N/A,0,0
772,S518-AM205-02_S518_L001_M_001,Armo02,N/A,N/A,N/A,N/A,0,0
773,S518-AM205-02_S518_L001_M_001,Armo03,N/A,N/A,N/A,N/A,0,0
774,S518-AM205-02_S518_L001_M_001,Am-AG-1,N/A,N/A,N/A,N/A,0,0
775,S518-AM205-02_S518_L001_M_001,Am-AG-10,N/A,N/A,N/A,N/A,0,0
776,S518-AM205-02_S518_L001_M_001,Am-AG-2B,N/A,N/A,N/A,N/A,0,0
777,S518-AM205-02_S518_L001_M_001,Am-AG-4B,N/A,N/A,N/A,N/A,0,0
778,S518-AM205-02_S518_L001_M_001,Am-AG-11,N/A,N/A,N/A,N/A,0,0
779,S518-AM205-02_S518_L001_M_001,Am-ATC-2,N/A,N/A,N/A,N/A,0,0
780,S518-AM205-02_S518_L001_M_001,Am-ATC-3,N/A,N/A,N/A,N/A,0,0
781,S518-AM205-02_S518_L001_M_001,Am-CT-2,N/A,N/A,N/A,N/A,0,0
782,S518-AM205-02_S518_L001_M_001,Am-CT-5,N/A,N/A,N/A,N/A,0,0
783,S519-AM46-06_S519_L001_M_001,Arm01,83,139,0.663,0.147,0.0,0.0
784,S519-AM46-06_S519_L001_M_001,Arm02,N/A,N/A,N/A,N/A,0,0
785,S519-AM46-06_S519_L001_M_001,Arm03,119.2,131.2,0.57,0.36,0.0,0.0
786,S519-AM46-06_S519_L001_M_001,Arm04,167,187,0.504,0.314,0.0,0.0
787,S519-AM46-06_S519_L001_M_001,Arm05,N/A,N/A,N/A,N/A,0,0
788,S519-AM46-06_S519_L001_M_001,Arm06,147.2,193,0.382,0.318,0.0,0.0
789,S519-AM46-06_S519_L001_M_001,Arm07,Other sequences,N/A,1.0,N/A,0,0
790,S519-AM46-06_S519_L001_M_001,Arm08,109,N/A,0.891,N/A,0,0
791,S519-AM46-06_S519_L001_M_001,Arm09,N/A,N/A,N/A,N/A,0,0
792,S519-AM46-06_S519_L001_M_001,Arm10,N/A,N/A,N/A,N/A,0,0
793,S519-AM46-06_S519_L001_M_001,Arm11,108,N/A,0.844,N/A,0,0
794,S519-AM46-06_S519_L001_M_001,Armo01,N/A,N/A,N/A,N/A,0,0
795,S519-AM46-06_S519_L001_M_001,Armo02,N/A,N/A,N/A,N/A,0,0
796,S519-AM46-06_S519_L001_M_001,Armo03,N/A,N/A,N/A,N/A,0,0
797,S519-AM46-06_S519_L001_M_001,Am-AG-1,N/A,N/A,N/A,N/A,0,0
798,S519-AM46-06_S519_L001_M_001,Am-AG-10,N/A,N/A,N/A,N/A,0,0
799,S519-AM46-06_S519_L001_M_001,Am-AG-2B,N/A,N/A,N/A,N/A,0,0
800,S519-AM46-06_S519_L001_M_001,Am-AG-4B,N/A,N/A,N/A,N/A,0,0
801,S519-AM46-06_S519_L001_M_001,Am-AG-11,N/A,N/A,N/A,N/A,0,0
802,S519-AM46-06_S519_L001_M_001,Am-ATC-2,N/A,N/A,N/A,N/A,0,0
803,S519-AM46-06_S519_L001_M_001,Am-ATC-3,N/A,N/A,N/A,N/A,0,0
804,S519-AM46-06_S519_L001_M_001,Am-CT-2,N/A,N/A,N/A,N/A,0,0
805,S519-AM46-06_S519_L001_M_001,Am-CT-5,N/A,N/A,N/A,N/A,0,0
806,S520-AM102-07_S520_L001_M_001,Arm01,95,91,0.84,0.1,0.1,0.5
807,S520-AM102-07_S520_L001_M_001,Arm02,N/A,N/A,N/A,N/A,0,0
808,S520-AM102-07_S520_L001_M_001,Arm03,131,131.2,0.486,0.45,0.0,0.0
809,S520-AM102-07_S520_L001_M_001,Arm04,179,N/A,0.809,N/A,0,0
810,S520-AM102-07_S520_L001_M_001,Arm05,N/A,N/A,N/A,N/A,0,0
811,S520-AM102-07_S520_L001_M_001,Arm06,151,N/A,0.903,N/A,0,0
812,S520-AM102-07_S520_L001_M_001,Arm07,185,N/A,0.907,N/A,0,0
813,S520-AM102-07_S520_L001_M_001,Arm08,81,N/A,0.964,N/A,0,0
814,S520-AM102-07_S520_L001_M_001,Arm09,N/A,N/A,N/A,N/A,0,0
815,S520-AM102-07_S520_L001_M_001,Arm10,N/A,N/A,N/A,N/A,0,0
816,S520-AM102-07_S520_L001_M_001,Arm11,110,110.2,0.428,0.372,0.0,0.0
817,S520-AM102-07_S520_L001_M_001,Armo01,N/A,N/A,N/A,N/A,0,0
818,S520-AM102-07_S520_L001_M_001,Armo02,N/A,N/A,N/A,N/A,0,0
819,S520-AM102-07_S520_L001_M_001,Armo03,N/A,N/A,N/A,N/A,0,0
820,S520-AM102-07_S520_L001_M_001,Am-AG-1,N/A,N/A,N/A,N/A,0,0
821,S520-AM102-07_S520_L001_M_001,Am-AG-10,N/A,N/A,N/A,N/A,0,0
822,S520-AM102-07_S520_L001_M_001,Am-AG-2B,N/A,N/A,N/A,N/A,0,0
823,S520-AM102-07_S520_L001_M_001,Am-AG-4B,N/A,N/A,N/A,N/A,0,0
824,S520-AM102-07_S520_L001_M_001,Am-AG-11,N/A,N/A,N/A,N/A,0,0
825,S520-AM102-07_S520_L001_M_001,Am-ATC-2,N/A,N/A,N/A,N/A,0,0
826,S520-AM102-07_S520_L001_M_001,Am-ATC-3,N/A,N/A,N/A,N/A,0,0
827,S520-AM102-07_S520_L001_M_001,Am-CT-2,N/A,N/A,N/A,N/A,0,0
828,S520-AM102-07_S520_L001_M_001,Am-CT-5,N/A,N/A,N/A,N/A,0,0
829,S521-AM102-21_S521_L001_M_001,Arm01,95,107,0.516,0.307,0.0,0.0
830,S521-AM102-21_S521_L001_M_001,Arm02,N/A,N/A,N/A,N/A,0,0
831,S521-AM102-21_S521_L001_M_001,Arm03,131.2,131,0.48,0.453,0.0,0.0
832,S521-AM102-21_S521_L001_M_001,Arm04,187,191,0.456,0.366,0.5,0.1
833,S521-AM102-21_S521_L001_M_001,Arm05,N/A,N/A,N/A,N/A,0,0
834,S521-AM102-21_S521_L001_M_001,Arm06,151,N/A,0.862,N/A,0,0
835,S521-AM102-21_S521_L001_M_001,Arm07,185,Other sequences,0.755,0.113,0,0
836,S521-AM102-21_S521_L001_M_001,Arm08,97,81,0.507,0.437,0.0,0.0
837,S521-AM102-21_S521_L001_M_001,Arm09,N/A,N/A,N/A,N/A,0,0
838,S521-AM102-21_S521_L001_M_001,Arm10,N/A,N/A,N/A,N/A,0,0
839,S521-AM102-21_S521_L001_M_001,Arm11,110,110.2,0.451,0.329,0.0,0.0
840,S521-AM102-21_S521_L001_M_001,Armo01,N/A,N/A,N/A,N/A,0,0
841,S521-AM102-21_S521_L001_M_001,Armo02,N/A,N/A,N/A,N/A,0,0
842,S521-AM102-21_S521_L001_M_001,Armo03,N/A,N/A,N/A,N/A,0,0
843,S521-AM102-21_S521_L001_M_001,Am-AG-1,N/A,N/A,N/A,N/A,0,0
844,S521-AM102-21_S521_L001_M_001,Am-AG-10,N/A,N/A,N/A,N/A,0,0
845,S521-AM102-21_S521_L001_M_001,Am-AG-2B,N/A,N/A,N/A,N/A,0,0
846,S521-AM102-21_S521_L001_M_001,Am-AG-4B,N/A,N/A,N/A,N/A,0,0
847,S521-AM102-21_S521_L001_M_001,Am-AG-11,N/A,N/A,N/A,N/A,0,0
848,S521-AM102-21_S521_L001_M_001,Am-ATC-2,N/A,N/A,N/A,N/A,0,0
849,S521-AM102-21_S521_L001_M_001,Am-ATC-3,N/A,N/A,N/A,N/A,0,0
850,S521-AM102-21_S521_L001_M_001,Am-CT-2,N/A,N/A,N/A,N/A,0,0
851,S521-AM102-21_S521_L001_M_001,Am-CT-5,N/A,N/A,N/A,N/A,0,0
852,S522-AM30-14_S522_L001_M_001,Arm01,87,N/A,0.867,N/A,0,0
853,S522-AM30-14_S522_L001_M_001,Arm02,N/A,N/A,N/A,N/A,0,0
854,S522-AM30-14_S522_L001_M_001,Arm03,131,N/A,0.913,N/A,0,0
855,S522-AM30-14_S522_L001_M_001,Arm04,171,191,0.489,0.312,0.0,0.0
856,S522-AM30-14_S522_L001_M_001,Arm05,N/A,N/A,N/A,N/A,0,0
857,S522-AM30-14_S522_L001_M_001,Arm06,147.2,N/A,0.918,N/A,0,0
858,S522-AM30-14_S522_L001_M_001,Arm07,189,185,0.558,0.345,0.1,0.5
859,S522-AM30-14_S522_L001_M_001,Arm08,97,93,0.515,0.44,0.1,0.5
860,S522-AM30-14_S522_L001_M_001,Arm09,N/A,N/A,N/A,N/A,0,0
861,S522-AM30-14_S522_L001_M_001,Arm10,N/A,N/A,N/A,N/A,0,0
862,S522-AM30-14_S522_L001_M_001,Arm11,110.2,108.2,0.799,0.14,0.0,0.0
863,S522-AM30-14_S522_L001_M_001,Armo01,N/A,N/A,N/A,N/A,0,0
864,S522-AM30-14_S522_L001_M_001,Armo02,N/A,N/A,N/A,N/A,0,0
865,S522-AM30-14_S522_L001_M_001,Armo03,N/A,N/A,N/A,N/A,0,0
866,S522-AM30-14_S522_L001_M_001,Am-AG-1,N/A,N/A,N/A,N/A,0,0
867,S522-AM30-14_S522_L001_M_001,Am-AG-10,N/A,N/A,N/A,N/A,0,0
868,S522-AM30-14_S522_L001_M_001,Am-AG-2B,N/A,N/A,N/A,N/A,0,0
869,S522-AM30-14_S522_L001_M_001,Am-AG-4B,N/A,N/A,N/A,N/A,0,0
870,S522-AM30-14_S522_L001_M_001,Am-AG-11,N/A,N/A,N/A,N/A,0,0
871,S522-AM30-14_S522_L001_M_001,Am-ATC-2,N/A,N/A,N/A,N/A,0,0
872,S522-AM30-14_S522_L001_M_001,Am-ATC-3,N/A,N/A,N/A,N/A,0,0
873,S522-AM30-14_S522_L001_M_001,Am-CT-2,N/A,N/A,N/A,N/A,0,0
874,S522-AM30-14_S522_L001_M_001,Am-CT-5,N/A,N/A,N/A,N/A,0,0
875,S523-AM30-11_S523_L001_M_001,Arm01,87,107,0.57,0.284,0.0,0.0
876,S523-AM30-11_S523_L001_M_001,Arm02,N/A,N/A,N/A,N/A,0,0
877,S523-AM30-11_S523_L001_M_001,Arm03,131.2,N/A,0.918,N/A,0,0
878,S523-AM30-11_S523_L001_M_001,Arm04,191,199,0.443,0.311,0.1,0.1
879,S523-AM30-11_S523_L001_M_001,Arm05,N/A,N/A,N/A,N/A,0,0
880,S523-AM30-11_S523_L001_M_001,Arm06,151,N/A,0.906,N/A,0,0
881,S523-AM30-11_S523_L001_M_001,Arm07,177,185,0.498,0.401,0.1,0.1
882,S523-AM30-11_S523_L001_M_001,Arm08,93,97,0.505,0.416,0.5,0.1
883,S523-AM30-11_S523_L001_M_001,Arm09,N/A,N/A,N/A,N/A,0,0
884,S523-AM30-11_S523_L001_M_001,Arm10,N/A,N/A,N/A,N/A,0,0
885,S523-AM30-11_S523_L001_M_001,Arm11,110,110.2,0.404,0.385,0.0,0.0
886,S523-AM30-11_S523_L001_M_001,Armo01,N/A,N/A,N/A,N/A,0,0
887,S523-AM30-11_S523_L001_M_001,Armo02,N/A,N/A,N/A,N/A,0,0
888,S523-AM30-11_S523_L001_M_001,Armo03,N/A,N/A,N/A,N/A,0,0
889,S523-AM30-11_S523_L001_M_001,Am-AG-1,N/A,N/A,N/A,N/A,0,0
890,S523-AM30-11_S523_L001_M_001,Am-AG-10,N/A,N/A,N/A,N/A,0,0
891,S523-AM30-11_S523_L001_M_001,Am-AG-2B,N/A,N/A,N/A,N/A,0,0
892,S523-AM30-11_S523_L001_M_001,Am-AG-4B,N/A,N/A,N/A,N/A,0,0
893,S523-AM30-11_S523_L001_M_001,Am-AG-11,N/A,N/A,N/A,N/A,0,0
894,S523-AM30-11_S523_L001_M_001,Am-ATC-2,N/A,N/A,N/A,N/A,0,0
895,S523-AM30-11_S523_L001_M_001,Am-ATC-3,N/A,N/A,N/A,N/A,0,0
896,S523-AM30-11_S523_L001_M_001,Am-CT-2,N/A,N/A,N/A,N/A,0,0
897,S523-AM30-11_S523_L001_M_001,Am-CT-5,N/A,N/A,N/A,N/A,0,0
898,S524-AM202-06_S524_L001_M_001,Arm01,95,91,0.834,0.105,0.1,0.5
899,S524-AM202-06_S524_L001_M_001,Arm02,N/A,N/A,N/A,N/A,0,0
900,S524-AM202-06_S524_L001_M_001,Arm03,131.2,131,0.474,0.436,0.0,0.0
901,S524-AM202-06_S524_L001_M_001,Arm04,179,N/A,0.782,N/A,0,0
902,S524-AM202-06_S524_L001_M_001,Arm05,N/A,N/A,N/A,N/A,0,0
903,S524-AM202-06_S524_L001_M_001,Arm06,147.2,151,0.514,0.401,0.0,0.0
904,S524-AM202-06_S524_L001_M_001,Arm07,185,N/A,0.845,N/A,0,0
905,S524-AM202-06_S524_L001_M_001,Arm08,81,109,0.654,0.299,0.0,0.0
906,S524-AM202-06_S524_L001_M_001,Arm09,N/A,N/A,N/A,N/A,0,0
907,S524-AM202-06_S524_L001_M_001,Arm10,N/A,N/A,N/A,N/A,0,0
908,S524-AM202-06_S524_L001_M_001,Arm11,110.2,108.2,0.793,0.139,0.0,0.0
909,S524-AM202-06_S524_L001_M_001,Armo01,N/A,N/A,N/A,N/A,0,0
910,S524-AM202-06_S524_L001_M_001,Armo02,N/A,N/A,N/A,N/A,0,0
911,S524-AM202-06_S524_L001_M_001,Armo03,N/A,N/A,N/A,N/A,0,0
912,S524-AM202-06_S524_L001_M_001,Am-AG-1,N/A,N/A,N/A,N/A,0,0
913,S524-AM202-06_S524_L001_M_001,Am-AG-10,N/A,N/A,N/A,N/A,0,0
914,S524-AM202-06_S524_L001_M_001,Am-AG-2B,N/A,N/A,N/A,N/A,0,0
915,S524-AM202-06_S524_L001_M_001,Am-AG-4B,N/A,N/A,N/A,N/A,0,0
916,S524-AM202-06_S524_L001_M_001,Am-AG-11,N/A,N/A,N/A,N/A,0,0
917,S524-AM202-06_S524_L001_M_001,Am-ATC-2,N/A,N/A,N/A,N/A,0,0
918,S524-AM202-06_S524_L001_M_001,Am-ATC-3,N/A,N/A,N/A,N/A,0,0
919,S524-AM202-06_S524_L001_M_001,Am-CT-2,N/A,N/A,N/A,N/A,0,0
920,S524-AM202-06_S524_L001_M_001,Am-CT-5,N/A,N/A,N/A,N/A,0,0
921,S525-AM46-20_S525_L001_M_001,Arm01,87,103,0.49,0.339,0.0,0.0
922,S525-AM46-20_S525_L001_M_001,Arm02,N/A,N/A,N/A,N/A,0,0
923,S525-AM46-20_S525_L001_M_001,Arm03,119.2,131.2,0.54,0.387,0.0,0.0
924,S525-AM46-20_S525_L001_M_001,Arm04,163,187,0.469,0.324,0.0,0.0
925,S525-AM46-20_S525_L001_M_001,Arm05,N/A,N/A,N/A,N/A,0,0
926,S525-AM46-20_S525_L001_M_001,Arm06,147.2,N/A,0.916,N/A,0,0
927,S525-AM46-20_S525_L001_M_001,Arm07,177,N/A,0.915,N/A,0,0
928,S525-AM46-20_S525_L001_M_001,Arm08,81,109,0.337,0.247,0.0,0.0
929,S525-AM46-20_S525_L001_M_001,Arm09,N/A,N/A,N/A,N/A,0,0
930,S525-AM46-20_S525_L001_M_001,Arm10,N/A,N/A,N/A,N/A,0,0
931,S525-AM46-20_S525_L001_M_001,Arm11,108,110.2,0.427,0.347,0.0,0.0
932,S525-AM46-20_S525_L001_M_001,Armo01,N/A,N/A,N/A,N/A,0,0
933,S525-AM46-20_S525_L001_M_001,Armo02,N/A,N/A,N/A,N/A,0,0
934,S525-AM46-20_S525_L001_M_001,Armo03,N/A,N/A,N/A,N/A,0,0
935,S525-AM46-20_S525_L001_M_001,Am-AG-1,N/A,N/A,N/A,N/A,0,0
936,S525-AM46-20_S525_L001_M_001,Am-AG-10,N/A,N/A,N/A,N/A,0,0
937,S525-AM46-20_S525_L001_M_001,Am-AG-2B,N/A,N/A,N/A,N/A,0,0
938,S525-AM46-20_S525_L001_M_001,Am-AG-4B,N/A,N/A,N/A,N/A,0,0
939,S525-AM46-20_S525_L001_M_001,Am-AG-11,N/A,N/A,N/A,N/A,0,0
940,S525-AM46-20_S525_L001_M_001,Am-ATC-2,N/A,N/A,N/A,N/A,0,0
941,S525-AM46-20_S525_L001_M_001,Am-ATC-3,N/A,N/A,N/A,N/A,0,0
942,S525-AM46-20_S525_L001_M_001,Am-CT-2,N/A,N/A,N/A,N/A,0,0
943,S525-AM46-20_S525_L001_M_001,Am-CT-5,N/A,N/A,N/A,N/A,0,0
944,S526-AM102-03_S526_L001_M_001,Arm01,87,107,0.551,0.288,0.0,0.0
945,S526-AM102-03_S526_L001_M_001,Arm02,N/A,N/A,N/A,N/A,0,0
946,S526-AM102-03_S526_L001_M_001,Arm03,131,N/A,0.91,N/A,0,0
947,S526-AM102-03_S526_L001_M_001,Arm04,171,179,0.427,0.371,0.1,0.1
948,S526-AM102-03_S526_L001_M_001,Arm05,N/A,N/A,N/A,N/A,0,0
949,S526-AM102-03_S526_L001_M_001,Arm06,147.2,151,0.497,0.408,0.0,0.0
950,S526-AM102-03_S526_L001_M_001,Arm07,N/A,N/A,N/A,N/A,0,0
951,S526-AM102-03_S526_L001_M_001,Arm08,81,93,0.534,0.425,0.0,0.0
952,S526-AM102-03_S526_L001_M_001,Arm09,N/A,N/A,N/A,N/A,0,0
953,S526-AM102-03_S526_L001_M_001,Arm10,N/A,N/A,N/A,N/A,0,0
954,S526-AM102-03_S526_L001_M_001,Arm11,110.2,108.2,0.798,0.145,0.0,0.0
955,S526-AM102-03_S526_L001_M_001,Armo01,N/A,N/A,N/A,N/A,0,0
956,S526-AM102-03_S526_L001_M_001,Armo02,N/A,N/A,N/A,N/A,0,0
957,S526-AM102-03_S526_L001_M_001,Armo03,N/A,N/A,N/A,N/A,0,0
958,S526-AM102-03_S526_L001_M_001,Am-AG-1,N/A,N/A,N/A,N/A,0,0
959,S526-AM102-03_S526_L001_M_001,Am-AG-10,N/A,N/A,N/A,N/A,0,0
960,S526-AM102-03_S526_L001_M_001,Am-AG-2B,N/A,N/A,N/A,N/A,0,0
961,S526-AM102-03_S526_L001_M_001,Am-AG-4B,N/A,N/A,N/A,N/A,0,0
962,S526-AM102-03_S526_L001_M_001,Am-AG-11,N/A,N/A,N/A,N/A,0,0
963,S526-AM102-03_S526_L001_M_001,Am-ATC-2,N/A,N/A,N/A,N/A,0,0
964,S526-AM102-03_S526_L001_M_001,Am-ATC-3,N/A,N/A,N/A,N/A,0,0
965,S526-AM102-03_S526_L001_M_001,Am-CT-2,N/A,N/A,N/A,N/A,0,0
966,S526-AM102-03_S526_L001_M_001,Am-CT-5,N/A,N/A,N/A,N/A,0,0
967,S527-AM102-04_S527_L001_M_001,Arm01,95,N/A,0.831,N/A,0,0
968,S527-AM102-04_S527_L001_M_001,Arm02,N/A,N/A,N/A,N/A,0,0
969,S527-AM102-04_S527_L001_M_001,Arm03,131.2,Other sequences,0.697,0.212,0,0
970,S527-AM102-04_S527_L001_M_001,Arm04,179,187,0.442,0.243,0.1,0.1
971,S527-AM102-04_S527_L001_M_001,Arm05,N/A,N/A,N/A,N/A,0,0
972,S527-AM102-04_S527_L001_M_001,Arm06,151,147.2,0.45,0.4,0.0,0.0
973,S527-AM102-04_S527_L001_M_001,Arm07,N/A,N/A,N/A,N/A,0,0
974,S527-AM102-04_S527_L001_M_001,Arm08,81,109,0.754,0.146,0.0,0.0
975,S527-AM102-04_S527_L001_M_001,Arm09,N/A,N/A,N/A,N/A,0,0
976,S527-AM102-04_S527_L001_M_001,Arm10,N/A,N/A,N/A,N/A,0,0
977,S527-AM102-04_S527_L001_M_001,Arm11,110,110.2,0.416,0.354,0.0,0.0
978,S527-AM102-04_S527_L001_M_001,Armo01,N/A,N/A,N/A,N/A,0,0
979,S527-AM102-04_S527_L001_M_001,Armo02,N/A,N/A,N/A,N/A,0,0
980,S527-AM102-04_S527_L001_M_001,Armo03,N/A,N/A,N/A,N/A,0,0
981,S527-AM102-04_S527_L001_M_001,Am-AG-1,N/A,N/A,N/A,N/A,0,0
982,S527-AM102-04_S527_L001_M_001,Am-AG-10,N/A,N/A,N/A,N/A,0,0
983,S527-AM102-04_S527_L001_M_001,Am-AG-2B,N/A,N/A,N/A,N/A,0,0
984,S527-AM102-04_S527_L001_M_001,Am-AG-4B,N/A,N/A,N/A,N/A,0,0
985,S527-AM102-04_S527_L001_M_001,Am-AG-11,N/A,N/A,N/A,N/A,0,0
986,S527-AM102-04_S527_L001_M_001,Am-ATC-2,N/A,N/A,N/A,N/A,0,0
987,S527-AM102-04_S527_L001_M_001,Am-ATC-3,N/A,N/A,N/A,N/A,0,0
988,S527-AM102-04_S527_L001_M_001,Am-CT-2,N/A,N/A,N/A,N/A,0,0
989,S527-AM102-04_S527_L001_M_001,Am-CT-5,N/A,N/A,N/A,N/A,0,0
990,S528-AM102-17_S528_L001_M_001,Arm01,95,91,0.841,0.107,0.1,0.5
991,S528-AM102-17_S528_L001_M_001,Arm02,N/A,N/A,N/A,N/A,0,0
992,S528-AM102-17_S528_L001_M_001,Arm03,131.2,N/A,0.919,N/A,0,0
993,S528-AM102-17_S528_L001_M_001,Arm04,179,187,0.397,0.385,0.1,0.1
994,S528-AM102-17_S528_L001_M_001,Arm05,N/A,N/A,N/A,N/A,0,0
995,S528-AM102-17_S528_L001_M_001,Arm06,147.2,151,0.531,0.361,0.0,0.0
996,S528-AM102-17_S528_L001_M_001,Arm07,Other sequences,N/A,1.0,N/A,0,0
997,S528-AM102-17_S528_L001_M_001,Arm08,81,109,0.688,0.267,0.0,0.0
998,S528-AM102-17_S528_L001_M_001,Arm09,N/A,N/A,N/A,N/A,0,0
999,S528-AM102-17_S528_L001_M_001,Arm10,N/A,N/A,N/A,N/A,0,0
1000,S528-AM102-17_S528_L001_M_001,Arm11,110.2,108.2,0.784,0.149,0.0,0.0
1001,S528-AM102-17_S528_L001_M_001,Armo01,N/A,N/A,N/A,N/A,0,0
1002,S528-AM102-17_S528_L001_M_001,Armo02,N/A,N/A,N/A,N/A,0,0
1003,S528-AM102-17_S528_L001_M_001,Armo03,N/A,N/A,N/A,N/A,0,0
1004,S528-AM102-17_S528_L001_M_001,Am-AG-1,N/A,N/A,N/A,N/A,0,0
1005,S528-AM102-17_S528_L001_M_001,Am-AG-10,N/A,N/A,N/A,N/A,0,0
1006,S528-AM102-17_S528_L001_M_001,Am-AG-2B,N/A,N/A,N/A,N/A,0,0
1007,S528-AM102-17_S528_L001_M_001,Am-AG-4B,N/A,N/A,N/A,N/A,0,0
1008,S528-AM102-17_S528_L001_M_001,Am-AG-11,N/A,N/A,N/A,N/A,0,0
1009,S528-AM102-17_S528_L001_M_001,Am-ATC-2,N/A,N/A,N/A,N/A,0,0
1010,S528-AM102-17_S528_L001_M_001,Am-ATC-3,N/A,N/A,N/A,N/A,0,0
1011,S528-AM102-17_S528_L001_M_001,Am-CT-2,N/A,N/A,N/A,N/A,0,0
1012,S528-AM102-17_S528_L001_M_001,Am-CT-5,N/A,N/A,N/A,N/A,0,0
1013,S529-AM205-03_S529_L001_M_001,Arm01,83,87,0.494,0.429,0.5,0.1
1014,S529-AM205-03_S529_L001_M_001,Arm02,N/A,N/A,N/A,N/A,0,0
1015,S529-AM205-03_S529_L001_M_001,Arm03,131,N/A,0.914,N/A,0,0
1016,S529-AM205-03_S529_L001_M_001,Arm04,163,191,0.53,0.285,0.0,0.0
1017,S529-AM205-03_S529_L001_M_001,Arm05,N/A,N/A,N/A,N/A,0,0
1018,S529-AM205-03_S529_L001_M_001,Arm06,151,N/A,0.899,N/A,0,0
1019,S529-AM205-03_S529_L001_M_001,Arm07,185,Other sequences,0.896,0.104,0,0
1020,S529-AM205-03_S529_L001_M_001,Arm08,113,N/A,0.899,N/A,0,0
1021,S529-AM205-03_S529_L001_M_001,Arm09,N/A,N/A,N/A,N/A,0,0
1022,S529-AM205-03_S529_L001_M_001,Arm10,N/A,N/A,N/A,N/A,0,0
1023,S529-AM205-03_S529_L001_M_001,Arm11,108,110.2,0.431,0.363,0.0,0.0
1024,S529-AM205-03_S529_L001_M_001,Armo01,N/A,N/A,N/A,N/A,0,0
1025,S529-AM205-03_S529_L001_M_001,Armo02,N/A,N/A,N/A,N/A,0,0
1026,S529-AM205-03_S529_L001_M_001,Armo03,N/A,N/A,N/A,N/A,0,0
1027,S529-AM205-03_S529_L001_M_001,Am-AG-1,N/A,N/A,N/A,N/A,0,0
1028,S529-AM205-03_S529_L001_M_001,Am-AG-10,N/A,N/A,N/A,N/A,0,0
1029,S529-AM205-03_S529_L001_M_001,Am-AG-2B,N/A,N/A,N/A,N/A,0,0
1030,S529-AM205-03_S529_L001_M_001,Am-AG-4B,N/A,N/A,N/A,N/A,0,0
1031,S529-AM205-03_S529_L001_M_001,Am-AG-11,N/A,N/A,N/A,N/A,0,0
1032,S529-AM205-03_S529_L001_M_001,Am-ATC-2,N/A,N/A,N/A,N/A,0,0
1033,S529-AM205-03_S529_L001_M_001,Am-ATC-3,N/A,N/A,N/A,N/A,0,0
1034,S529-AM205-03_S529_L001_M_001,Am-CT-2,N/A,N/A,N/A,N/A,0,0
1035,S529-AM205-03_S529_L001_M_001,Am-CT-5,N/A,N/A,N/A,N/A,0,0
1036,S530-AM30-13_S530_L001_M_001,Arm01,107,103,0.779,0.132,0.1,0.5
1037,S530-AM30-13_S530_L001_M_001,Arm02,N/A,N/A,N/A,N/A,0,0
1038,S530-AM30-13_S530_L001_M_001,Arm03,131.2,131,0.487,0.442,0.0,0.0
1039,S530-AM30-13_S530_L001_M_001,Arm04,163,179,0.483,0.345,0.0,0.0
1040,S530-AM30-13_S530_L001_M_001,Arm05,N/A,N/A,N/A,N/A,0,0
1041,S530-AM30-13_S530_L001_M_001,Arm06,151,N/A,0.895,N/A,0,0
1042,S530-AM30-13_S530_L001_M_001,Arm07,185,N/A,0.842,N/A,0,0
1043,S530-AM30-13_S530_L001_M_001,Arm08,93,97,0.492,0.45,0.5,0.1
1044,S530-AM30-13_S530_L001_M_001,Arm09,N/A,N/A,N/A,N/A,0,0
1045,S530-AM30-13_S530_L001_M_001,Arm10,N/A,N/A,N/A,N/A,0,0
1046,S530-AM30-13_S530_L001_M_001,Arm11,108,110.2,0.405,0.398,0.0,0.0
1047,S530-AM30-13_S530_L001_M_001,Armo01,N/A,N/A,N/A,N/A,0,0
1048,S530-AM30-13_S530_L001_M_001,Armo02,N/A,N/A,N/A,N/A,0,0
1049,S530-AM30-13_S530_L001_M_001,Armo03,N/A,N/A,N/A,N/A,0,0
1050,S530-AM30-13_S530_L001_M_001,Am-AG-1,N/A,N/A,N/A,N/A,0,0
1051,S530-AM30-13_S530_L001_M_001,Am-AG-10,N/A,N/A,N/A,N/A,0,0
1052,S530-AM30-13_S530_L001_M_001,Am-AG-2B,N/A,N/A,N/A,N/A,0,0
1053,S530-AM30-13_S530_L001_M_001,Am-AG-4B,N/A,N/A,N/A,N/A,0,0
1054,S530-AM30-13_S530_L001_M_001,Am-AG-11,N/A,N/A,N/A,N/A,0,0
1055,S530-AM30-13_S530_L001_M_001,Am-ATC-2,N/A,N/A,N/A,N/A,0,0
1056,S530-AM30-13_S530_L001_M_001,Am-ATC-3,N/A,N/A,N/A,N/A,0,0
1057,S530-AM30-13_S530_L001_M_001,Am-CT-2,N/A,N/A,N/A,N/A,0,0
1058,S530-AM30-13_S530_L001_M_001,Am-CT-5,N/A,N/A,N/A,N/A,0,0
1059,S531-AM46-13_S531_L001_M_001,Arm01,87,103,0.485,0.347,0.0,0.0
1060,S531-AM46-13_S531_L001_M_001,Arm02,N/A,N/A,N/A,N/A,0,0
1061,S531-AM46-13_S531_L001_M_001,Arm03,119.2,131.2,0.534,0.396,0.0,0.0
1062,S531-AM46-13_S531_L001_M_001,Arm04,187,183.1,0.678,0.15,0.0,0.0
1063,S531-AM46-13_S531_L001_M_001,Arm05,N/A,N/A,N/A,N/A,0,0
1064,S531-AM46-13_S531_L001_M_001,Arm06,147.2,N/A,0.917,N/A,0,0
1065,S531-AM46-13_S531_L001_M_001,Arm07,N/A,N/A,N/A,N/A,0,0
1066,S531-AM46-13_S531_L001_M_001,Arm08,109,113,0.643,0.248,0.5,0.1
1067,S531-AM46-13_S531_L001_M_001,Arm09,N/A,N/A,N/A,N/A,0,0
1068,S531-AM46-13_S531_L001_M_001,Arm10,N/A,N/A,N/A,N/A,0,0
1069,S531-AM46-13_S531_L001_M_001,Arm11,110.2,108,0.439,0.341,0.0,0.0
1070,S531-AM46-13_S531_L001_M_001,Armo01,N/A,N/A,N/A,N/A,0,0
1071,S531-AM46-13_S531_L001_M_001,Armo02,N/A,N/A,N/A,N/A,0,0
1072,S531-AM46-13_S531_L001_M_001,Armo03,N/A,N/A,N/A,N/A,0,0
1073,S531-AM46-13_S531_L001_M_001,Am-AG-1,N/A,N/A,N/A,N/A,0,0
1074,S531-AM46-13_S531_L001_M_001,Am-AG-10,N/A,N/A,N/A,N/A,0,0
1075,S531-AM46-13_S531_L001_M_001,Am-AG-2B,N/A,N/A,N/A,N/A,0,0
1076,S531-AM46-13_S531_L001_M_001,Am-AG-4B,N/A,N/A,N/A,N/A,0,0
1077,S531-AM46-13_S531_L001_M_001,Am-AG-11,N/A,N/A,N/A,N/A,0,0
1078,S531-AM46-13_S531_L001_M_001,Am-ATC-2,N/A,N/A,N/A,N/A,0,0
1079,S531-AM46-13_S531_L001_M_001,Am-ATC-3,N/A,N/A,N/A,N/A,0,0
1080,S531-AM46-13_S531_L001_M_001,Am-CT-2,N/A,N/A,N/A,N/A,0,0
1081,S531-AM46-13_S531_L001_M_001,Am-CT-5,N/A,N/A,N/A,N/A,0,0
1082,S532-AM46-09_S532_L001_M_001,Arm01,83,139,0.634,0.168,0.0,0.0
1083,S532-AM46-09_S532_L001_M_001,Arm02,N/A,N/A,N/A,N/A,0,0
1084,S532-AM46-09_S532_L001_M_001,Arm03,119.2,131.2,0.521,0.391,0.0,0.0
1085,S532-AM46-09_S532_L001_M_001,Arm04,167,187,0.469,0.329,0.0,0.0
1086,S532-AM46-09_S532_L001_M_001,Arm05,N/A,N/A,N/A,N/A,0,0
1087,S532-AM46-09_S532_L001_M_001,Arm06,193,147.2,0.376,0.323,0.0,0.0
1088,S532-AM46-09_S532_L001_M_001,Arm07,177,189,0.444,0.333,0.0,0.0
1089,S532-AM46-09_S532_L001_M_001,Arm08,109,N/A,0.9,N/A,0,0
1090,S532-AM46-09_S532_L001_M_001,Arm09,N/A,N/A,N/A,N/A,0,0
1091,S532-AM46-09_S532_L001_M_001,Arm10,N/A,N/A,N/A,N/A,0,0
1092,S532-AM46-09_S532_L001_M_001,Arm11,108,106.1,0.834,0.107,0.0,0.0
1093,S532-AM46-09_S532_L001_M_001,Armo01,N/A,N/A,N/A,N/A,0,0
1094,S532-AM46-09_S532_L001_M_001,Armo02,N/A,N/A,N/A,N/A,0,0
1095,S532-AM46-09_S532_L001_M_001,Armo03,N/A,N/A,N/A,N/A,0,0
1096,S532-AM46-09_S532_L001_M_001,Am-AG-1,N/A,N/A,N/A,N/A,0,0
1097,S532-AM46-09_S532_L001_M_001,Am-AG-10,N/A,N/A,N/A,N/A,0,0
1098,S532-AM46-09_S532_L001_M_001,Am-AG-2B,N/A,N/A,N/A,N/A,0,0
1099,S532-AM46-09_S532_L001_M_001,Am-AG-4B,N/A,N/A,N/A,N/A,0,0
1100,S532-AM46-09_S532_L001_M_001,Am-AG-11,N/A,N/A,N/A,N/A,0,0
1101,S532-AM46-09_S532_L001_M_001,Am-ATC-2,N/A,N/A,N/A,N/A,0,0
1102,S532-AM46-09_S532_L001_M_001,Am-ATC-3,N/A,N/A,N/A,N/A,0,0
1103,S532-AM46-09_S532_L001_M_001,Am-CT-2,N/A,N/A,N/A,N/A,0,0
1104,S532-AM46-09_S532_L001_M_001,Am-CT-5,N/A,N/A,N/A,N/A,0,0
1105,S533-AM102-05_S533_L001_M_001,Arm01,95,91,0.831,0.112,0.1,0.5
1106,S533-AM102-05_S533_L001_M_001,Arm02,N/A,N/A,N/A,N/A,0,0
1107,S533-AM102-05_S533_L001_M_001,Arm03,131,N/A,0.903,N/A,0,0
1108,S533-AM102-05_S533_L001_M_001,Arm04,179,187,0.418,0.375,0.1,0.1
1109,S533-AM102-05_S533_L001_M_001,Arm05,N/A,N/A,N/A,N/A,0,0
1110,S533-AM102-05_S533_L001_M_001,Arm06,147.2,151,0.523,0.381,0.0,0.0
1111,S533-AM102-05_S533_L001_M_001,Arm07,177,185,0.52,0.335,0.1,0.1
1112,S533-AM102-05_S533_L001_M_001,Arm08,97,81,0.682,0.266,0.0,0.0
1113,S533-AM102-05_S533_L001_M_001,Arm09,N/A,N/A,N/A,N/A,0,0
1114,S533-AM102-05_S533_L001_M_001,Arm10,N/A,N/A,N/A,N/A,0,0
1115,S533-AM102-05_S533_L001_M_001,Arm11,110.2,110,0.394,0.38,0.0,0.0
1116,S533-AM102-05_S533_L001_M_001,Armo01,N/A,N/A,N/A,N/A,0,0
1117,S533-AM102-05_S533_L001_M_001,Armo02,N/A,N/A,N/A,N/A,0,0
1118,S533-AM102-05_S533_L001_M_001,Armo03,N/A,N/A,N/A,N/A,0,0
1119,S533-AM102-05_S533_L001_M_001,Am-AG-1,N/A,N/A,N/A,N/A,0,0
1120,S533-AM102-05_S533_L001_M_001,Am-AG-10,N/A,N/A,N/A,N/A,0,0
1121,S533-AM102-05_S533_L001_M_001,Am-AG-2B,N/A,N/A,N/A,N/A,0,0
1122,S533-AM102-05_S533_L001_M_001,Am-AG-4B,N/A,N/A,N/A,N/A,0,0
1123,S533-AM102-05_S533_L001_M_001,Am-AG-11,N/A,N/A,N/A,N/A,0,0
1124,S533-AM102-05_S533_L001_M_001,Am-ATC-2,N/A,N/A,N/A,N/A,0,0
1125,S533-AM102-05_S533_L001_M_001,Am-ATC-3,N/A,N/A,N/A,N/A,0,0
1126,S533-AM102-05_S533_L001_M_001,Am-CT-2,N/A,N/A,N/A,N/A,0,0
1127,S533-AM102-05_S533_L001_M_001,Am-CT-5,N/A,N/A,N/A,N/A,0,0
1128,S534-AM46-03_S534_L001_M_001,Arm01,83,139,0.694,0.146,0.0,0.0
1129,S534-AM46-03_S534_L001_M_001,Arm02,N/A,N/A,N/A,N/A,0,0
1130,S534-AM46-03_S534_L001_M_001,Arm03,119.2,131.2,0.535,0.374,0.0,0.0
1131,S534-AM46-03_S534_L001_M_001,Arm04,167,187,0.481,0.312,0.0,0.0
1132,S534-AM46-03_S534_L001_M_001,Arm05,N/A,N/A,N/A,N/A,0,0
1133,S534-AM46-03_S534_L001_M_001,Arm06,193,147.2,0.354,0.349,0.0,0.0
1134,S534-AM46-03_S534_L001_M_001,Arm07,N/A,N/A,N/A,N/A,0,0
1135,S534-AM46-03_S534_L001_M_001,Arm08,109,129,0.579,0.246,0.0,0.0
1136,S534-AM46-03_S534_L001_M_001,Arm09,N/A,N/A,N/A,N/A,0,0
1137,S534-AM46-03_S534_L001_M_001,Arm10,N/A,N/A,N/A,N/A,0,0
1138,S534-AM46-03_S534_L001_M_001,Arm11,108,106.1,0.843,0.104,0.0,0.0
1139,S534-AM46-03_S534_L001_M_001,Armo01,N/A,N/A,N/A,N/A,0,0
1140,S534-AM46-03_S534_L001_M_001,Armo02,N/A,N/A,N/A,N/A,0,0
1141,S534-AM46-03_S534_L001_M_001,Armo03,N/A,N/A,N/A,N/A,0,0
1142,S534-AM46-03_S534_L001_M_001,Am-AG-1,N/A,N/A,N/A,N/A,0,0
1143,S534-AM46-03_S534_L001_M_001,Am-AG-10,N/A,N/A,N/A,N/A,0,0
1144,S534-AM46-03_S534_L001_M_001,Am-AG-2B,N/A,N/A,N/A,N/A,0,0
1145,S534-AM46-03_S534_L001_M_001,Am-AG-4B,N/A,N/A,N/A,N/A,0,0
1146,S534-AM46-03_S534_L001_M_001,Am-AG-11,N/A,N/A,N/A,N/A,0,0
1147,S534-AM46-03_S534_L001_M_001,Am-ATC-2,N/A,N/A,N/A,N/A,0,0
1148,S534-AM46-03_S534_L001_M_001,Am-ATC-3,N/A,N/A,N/A,N/A,0,0
1149,S534-AM46-03_S534_L001_M_001,Am-CT-2,N/A,N/A,N/A,N/A,0,0
1150,S534-AM46-03_S534_L001_M_001,Am-CT-5,N/A,N/A,N/A,N/A,0,0
1151,S535-AM205-04_S535_L001_M_001,Arm01,83,87,0.491,0.421,0.5,0.1
1152,S535-AM205-04_S535_L001_M_001,Arm02,N/A,N/A,N/A,N/A,0,0
1153,S535-AM205-04_S535_L001_M_001,Arm03,131,N/A,0.921,N/A,0,0
1154,S535-AM205-04_S535_L001_M_001,Arm04,163,191,0.527,0.293,0.0,0.0
1155,S535-AM205-04_S535_L001_M_001,Arm05,N/A,N/A,N/A,N/A,0,0
1156,S535-AM205-04_S535_L001_M_001,Arm06,151,N/A,0.902,N/A,0,0
1157,S535-AM205-04_S535_L001_M_001,Arm07,185,N/A,0.878,N/A,0,0
1158,S535-AM205-04_S535_L001_M_001,Arm08,113,N/A,0.865,N/A,0,0
1159,S535-AM205-04_S535_L001_M_001,Arm09,N/A,N/A,N/A,N/A,0,0
1160,S535-AM205-04_S535_L001_M_001,Arm10,N/A,N/A,N/A,N/A,0,0
1161,S535-AM205-04_S535_L001_M_001,Arm11,108,110.2,0.43,0.376,0.0,0.0
1162,S535-AM205-04_S535_L001_M_001,Armo01,N/A,N/A,N/A,N/A,0,0
1163,S535-AM205-04_S535_L001_M_001,Armo02,N/A,N/A,N/A,N/A,0,0
1164,S535-AM205-04_S535_L001_M_001,Armo03,N/A,N/A,N/A,N/A,0,0
1165,S535-AM205-04_S535_L001_M_001,Am-AG-1,N/A,N/A,N/A,N/A,0,0
1166,S535-AM205-04_S535_L001_M_001,Am-AG-10,N/A,N/A,N/A,N/A,0,0
1167,S535-AM205-04_S535_L001_M_001,Am-AG-2B,N/A,N/A,N/A,N/A,0,0
1168,S535-AM205-04_S535_L001_M_001,Am-AG-4B,N/A,N/A,N/A,N/A,0,0
1169,S535-AM205-04_S535_L001_M_001,Am-AG-11,N/A,N/A,N/A,N/A,0,0
1170,S535-AM205-04_S535_L001_M_001,Am-ATC-2,N/A,N/A,N/A,N/A,0,0
1171,S535-AM205-04_S535_L001_M_001,Am-ATC-3,N/A,N/A,N/A,N/A,0,0
1172,S535-AM205-04_S535_L001_M_001,Am-CT-2,N/A,N/A,N/A,N/A,0,0
1173,S535-AM205-04_S535_L001_M_001,Am-CT-5,N/A,N/A,N/A,N/A,0,0
1174,S536-AM202-03_S536_L001_M_001,Arm01,95,107,0.512,0.326,0.0,0.0
1175,S536-AM202-03_S536_L001_M_001,Arm02,N/A,N/A,N/A,N/A,0,0
1176,S536-AM202-03_S536_L001_M_001,Arm03,131.2,131,0.487,0.428,0.0,0.0
1177,S536-AM202-03_S536_L001_M_001,Arm04,187,191,0.451,0.353,0.5,0.1
1178,S536-AM202-03_S536_L001_M_001,Arm05,N/A,N/A,N/A,N/A,0,0
1179,S536-AM202-03_S536_L001_M_001,Arm06,151,N/A,0.901,N/A,0,0
1180,S536-AM202-03_S536_L001_M_001,Arm07,185,N/A,0.933,N/A,0,0
1181,S536-AM202-03_S536_L001_M_001,Arm08,81,97,0.603,0.281,0.0,0.0
1182,S536-AM202-03_S536_L001_M_001,Arm09,N/A,N/A,N/A,N/A,0,0
1183,S536-AM202-03_S536_L001_M_001,Arm10,N/A,N/A,N/A,N/A,0,0
1184,S536-AM202-03_S536_L001_M_001,Arm11,110,110.2,0.426,0.351,0.0,0.0
1185,S536-AM202-03_S536_L001_M_001,Armo01,N/A,N/A,N/A,N/A,0,0
1186,S536-AM202-03_S536_L001_M_001,Armo02,N/A,N/A,N/A,N/A,0,0
1187,S536-AM202-03_S536_L001_M_001,Armo03,N/A,N/A,N/A,N/A,0,0
1188,S536-AM202-03_S536_L001_M_001,Am-AG-1,N/A,N/A,N/A,N/A,0,0
1189,S536-AM202-03_S536_L001_M_001,Am-AG-10,N/A,N/A,N/A,N/A,0,0
1190,S536-AM202-03_S536_L001_M_001,Am-AG-2B,N/A,N/A,N/A,N/A,0,0
1191,S536-AM202-03_S536_L001_M_001,Am-AG-4B,N/A,N/A,N/A,N/A,0,0
1192,S536-AM202-03_S536_L001_M_001,Am-AG-11,N/A,N/A,N/A,N/A,0,0
1193,S536-AM202-03_S536_L001_M_001,Am-ATC-2,N/A,N/A,N/A,N/A,0,0
1194,S536-AM202-03_S536_L001_M_001,Am-ATC-3,N/A,N/A,N/A,N/A,0,0
1195,S536-AM202-03_S536_L001_M_001,Am-CT-2,N/A,N/A,N/A,N/A,0,0
1196,S536-AM202-03_S536_L001_M_001,Am-CT-5,N/A,N/A,N/A,N/A,0,0
1197,S537-AM102-19_S537_L001_M_001,Arm01,95,107,0.495,0.292,0.0,0.0
1198,S537-AM102-19_S537_L001_M_001,Arm02,N/A,N/A,N/A,N/A,0,0
1199,S537-AM102-19_S537_L001_M_001,Arm03,131.2,N/A,0.855,N/A,0,0
1200,S537-AM102-19_S537_L001_M_001,Arm04,187,199,0.365,0.251,0.0,0.0
1201,S537-AM102-19_S537_L001_M_001,Arm05,N/A,N/A,N/A,N/A,0,0
1202,S537-AM102-19_S537_L001_M_001,Arm06,151,N/A,0.86,N/A,0,0
1203,S537-AM102-19_S537_L001_M_001,Arm07,185,Other sequences,0.455,0.364,0,0
1204,S537-AM102-19_S537_L001_M_001,Arm08,81,97,0.84,0.109,0.0,0.0
1205,S537-AM102-19_S537_L001_M_001,Arm09,N/A,N/A,N/A,N/A,0,0
1206,S537-AM102-19_S537_L001_M_001,Arm10,N/A,N/A,N/A,N/A,0,0
1207,S537-AM102-19_S537_L001_M_001,Arm11,110,110.2,0.439,0.314,0.0,0.0
1208,S537-AM102-19_S537_L001_M_001,Armo01,N/A,N/A,N/A,N/A,0,0
1209,S537-AM102-19_S537_L001_M_001,Armo02,N/A,N/A,N/A,N/A,0,0
1210,S537-AM102-19_S537_L001_M_001,Armo03,N/A,N/A,N/A,N/A,0,0
1211,S537-AM102-19_S537_L001_M_001,Am-AG-1,N/A,N/A,N/A,N/A,0,0
1212,S537-AM102-19_S537_L001_M_001,Am-AG-10,N/A,N/A,N/A,N/A,0,0
1213,S537-AM102-19_S537_L001_M_001,Am-AG-2B,N/A,N/A,N/A,N/A,0,0
1214,S537-AM102-19_S537_L001_M_001,Am-AG-4B,N/A,N/A,N/A,N/A,0,0
1215,S537-AM102-19_S537_L001_M_001,Am-AG-11,N/A,N/A,N/A,N/A,0,0
1216,S537-AM102-19_S537_L001_M_001,Am-ATC-2,N/A,N/A,N/A,N/A,0,0
1217,S537-AM102-19_S537_L001_M_001,Am-ATC-3,N/A,N/A,N/A,N/A,0,0
1218,S537-AM102-19_S537_L001_M_001,Am-CT-2,N/A,N/A,N/A,N/A,0,0
1219,S537-AM102-19_S537_L001_M_001,Am-CT-5,N/A,N/A,N/A,N/A,0,0
1220,S538-AM30-07_S538_L001_M_001,Arm01,83,87,0.501,0.433,0.5,0.1
1221,S538-AM30-07_S538_L001_M_001,Arm02,N/A,N/A,N/A,N/A,0,0
1222,S538-AM30-07_S538_L001_M_001,Arm03,131,N/A,0.92,N/A,0,0
1223,S538-AM30-07_S538_L001_M_001,Arm04,163,191,0.539,0.289,0.0,0.0
1224,S538-AM30-07_S538_L001_M_001,Arm05,N/A,N/A,N/A,N/A,0,0
1225,S538-AM30-07_S538_L001_M_001,Arm06,151,N/A,0.918,N/A,0,0
1226,S538-AM30-07_S538_L001_M_001,Arm07,185,N/A,0.793,N/A,0,0
1227,S538-AM30-07_S538_L001_M_001,Arm08,113,N/A,0.905,N/A,0,0
1228,S538-AM30-07_S538_L001_M_001,Arm09,N/A,N/A,N/A,N/A,0,0
1229,S538-AM30-07_S538_L001_M_001,Arm10,N/A,N/A,N/A,N/A,0,0
1230,S538-AM30-07_S538_L001_M_001,Arm11,108,110.2,0.461,0.356,0.0,0.0
1231,S538-AM30-07_S538_L001_M_001,Armo01,N/A,N/A,N/A,N/A,0,0
1232,S538-AM30-07_S538_L001_M_001,Armo02,N/A,N/A,N/A,N/A,0,0
1233,S538-AM30-07_S538_L001_M_001,Armo03,N/A,N/A,N/A,N/A,0,0
1234,S538-AM30-07_S538_L001_M_001,Am-AG-1,N/A,N/A,N/A,N/A,0,0
1235,S538-AM30-07_S538_L001_M_001,Am-AG-10,N/A,N/A,N/A,N/A,0,0
1236,S538-AM30-07_S538_L001_M_001,Am-AG-2B,N/A,N/A,N/A,N/A,0,0
1237,S538-AM30-07_S538_L001_M_001,Am-AG-4B,N/A,N/A,N/A,N/A,0,0
1238,S538-AM30-07_S538_L001_M_001,Am-AG-11,N/A,N/A,N/A,N/A,0,0
1239,S538-AM30-07_S538_L001_M_001,Am-ATC-2,N/A,N/A,N/A,N/A,0,0
1240,S538-AM30-07_S538_L001_M_001,Am-ATC-3,N/A,N/A,N/A,N/A,0,0
1241,S538-AM30-07_S538_L001_M_001,Am-CT-2,N/A,N/A,N/A,N/A,0,0
1242,S538-AM30-07_S538_L001_M_001,Am-CT-5,N/A,N/A,N/A,N/A,0,0
1243,S539-AM102-13_S539_L001_M_001,Arm01,83,107,0.543,0.298,0.0,0.0
1244,S539-AM102-13_S539_L001_M_001,Arm02,N/A,N/A,N/A,N/A,0,0
1245,S539-AM102-13_S539_L001_M_001,Arm03,131,N/A,0.911,N/A,0,0
1246,S539-AM102-13_S539_L001_M_001,Arm04,179,191,0.413,0.361,0.0,0.0
1247,S539-AM102-13_S539_L001_M_001,Arm05,N/A,N/A,N/A,N/A,0,0
1248,S539-AM102-13_S539_L001_M_001,Arm06,147.2,151,0.486,0.414,0.0,0.0
1249,S539-AM102-13_S539_L001_M_001,Arm07,189,177,0.624,0.271,0.0,0.0
1250,S539-AM102-13_S539_L001_M_001,Arm08,97,93,0.585,0.372,0.1,0.5
1251,S539-AM102-13_S539_L001_M_001,Arm09,N/A,N/A,N/A,N/A,0,0
1252,S539-AM102-13_S539_L001_M_001,Arm10,N/A,N/A,N/A,N/A,0,0
1253,S539-AM102-13_S539_L001_M_001,Arm11,110.2,108.2,0.787,0.147,0.0,0.0
1254,S539-AM102-13_S539_L001_M_001,Armo01,N/A,N/A,N/A,N/A,0,0
1255,S539-AM102-13_S539_L001_M_001,Armo02,N/A,N/A,N/A,N/A,0,0
1256,S539-AM102-13_S539_L001_M_001,Armo03,N/A,N/A,N/A,N/A,0,0
1257,S539-AM102-13_S539_L001_M_001,Am-AG-1,N/A,N/A,N/A,N/A,0,0
1258,S539-AM102-13_S539_L001_M_001,Am-AG-10,N/A,N/A,N/A,N/A,0,0
1259,S539-AM102-13_S539_L001_M_001,Am-AG-2B,N/A,N/A,N/A,N/A,0,0
1260,S539-AM102-13_S539_L001_M_001,Am-AG-4B,N/A,N/A,N/A,N/A,0,0
1261,S539-AM102-13_S539_L001_M_001,Am-AG-11,N/A,N/A,N/A,N/A,0,0
1262,S539-AM102-13_S539_L001_M_001,Am-ATC-2,N/A,N/A,N/A,N/A,0,0
1263,S539-AM102-13_S539_L001_M_001,Am-ATC-3,N/A,N/A,N/A,N/A,0,0
1264,S539-AM102-13_S539_L001_M_001,Am-CT-2,N/A,N/A,N/A,N/A,0,0
1265,S539-AM102-13_S539_L001_M_001,Am-CT-5,N/A,N/A,N/A,N/A,0,0
1266,S540-AM30-01_S540_L001_M_001,Arm01,87,N/A,0.862,N/A,0,0
1267,S540-AM30-01_S540_L001_M_001,Arm02,N/A,N/A,N/A,N/A,0,0
1268,S540-AM30-01_S540_L001_M_001,Arm03,131.2,N/A,0.904,N/A,0,0
1269,S540-AM30-01_S540_L001_M_001,Arm04,171,179,0.425,0.381,0.1,0.1
1270,S540-AM30-01_S540_L001_M_001,Arm05,N/A,N/A,N/A,N/A,0,0
1271,S540-AM30-01_S540_L001_M_001,Arm06,151,N/A,0.881,N/A,0,0
1272,S540-AM30-01_S540_L001_M_001,Arm07,185,N/A,0.885,N/A,0,0
1273,S540-AM30-01_S540_L001_M_001,Arm08,93,N/A,0.93,N/A,0,0
1274,S540-AM30-01_S540_L001_M_001,Arm09,N/A,N/A,N/A,N/A,0,0
1275,S540-AM30-01_S540_L001_M_001,Arm10,N/A,N/A,N/A,N/A,0,0
1276,S540-AM30-01_S540_L001_M_001,Arm11,110,108.3,0.78,0.139,0.0,0.0
1277,S540-AM30-01_S540_L001_M_001,Armo01,N/A,N/A,N/A,N/A,0,0
1278,S540-AM30-01_S540_L001_M_001,Armo02,N/A,N/A,N/A,N/A,0,0
1279,S540-AM30-01_S540_L001_M_001,Armo03,N/A,N/A,N/A,N/A,0,0
1280,S540-AM30-01_S540_L001_M_001,Am-AG-1,N/A,N/A,N/A,N/A,0,0
1281,S540-AM30-01_S540_L001_M_001,Am-AG-10,N/A,N/A,N/A,N/A,0,0
1282,S540-AM30-01_S540_L001_M_001,Am-AG-2B,N/A,N/A,N/A,N/A,0,0
1283,S540-AM30-01_S540_L001_M_001,Am-AG-4B,N/A,N/A,N/A,N/A,0,0
1284,S540-AM30-01_S540_L001_M_001,Am-AG-11,N/A,N/A,N/A,N/A,0,0
1285,S540-AM30-01_S540_L001_M_001,Am-ATC-2,N/A,N/A,N/A,N/A,0,0
1286,S540-AM30-01_S540_L001_M_001,Am-ATC-3,N/A,N/A,N/A,N/A,0,0
1287,S540-AM30-01_S540_L001_M_001,Am-CT-2,N/A,N/A,N/A,N/A,0,0
1288,S540-AM30-01_S540_L001_M_001,Am-CT-5,N/A,N/A,N/A,N/A,0,0
1289,S541-AM30-16_S541_L001_M_001,Arm01,87,107,0.574,0.285,0.0,0.0
1290,S541-AM30-16_S541_L001_M_001,Arm02,N/A,N/A,N/A,N/A,0,0
1291,S541-AM30-16_S541_L001_M_001,Arm03,131.2,131,0.475,0.437,0.0,0.0
1292,S541-AM30-16_S541_L001_M_001,Arm04,163,171,0.451,0.374,0.1,0.1
1293,S541-AM30-16_S541_L001_M_001,Arm05,N/A,N/A,N/A,N/A,0,0
1294,S541-AM30-16_S541_L001_M_001,Arm06,147.2,151,0.506,0.402,0.0,0.0
1295,S541-AM30-16_S541_L001_M_001,Arm07,189,N/A,0.796,N/A,0,0
1296,S541-AM30-16_S541_L001_M_001,Arm08,93,97,0.537,0.426,0.5,0.1
1297,S541-AM30-16_S541_L001_M_001,Arm09,N/A,N/A,N/A,N/A,0,0
1298,S541-AM30-16_S541_L001_M_001,Arm10,N/A,N/A,N/A,N/A,0,0
1299,S541-AM30-16_S541_L001_M_001,Arm11,108,110.2,0.438,0.369,0.0,0.0
1300,S541-AM30-16_S541_L001_M_001,Armo01,N/A,N/A,N/A,N/A,0,0
1301,S541-AM30-16_S541_L001_M_001,Armo02,N/A,N/A,N/A,N/A,0,0
1302,S541-AM30-16_S541_L001_M_001,Armo03,N/A,N/A,N/A,N/A,0,0
1303,S541-AM30-16_S541_L001_M_001,Am-AG-1,N/A,N/A,N/A,N/A,0,0
1304,S541-AM30-16_S541_L001_M_001,Am-AG-10,N/A,N/A,N/A,N/A,0,0
1305,S541-AM30-16_S541_L001_M_001,Am-AG-2B,N/A,N/A,N/A,N/A,0,0
1306,S541-AM30-16_S541_L001_M_001,Am-AG-4B,N/A,N/A,N/A,N/A,0,0
1307,S541-AM30-16_S541_L001_M_001,Am-AG-11,N/A,N/A,N/A,N/A,0,0
1308,S541-AM30-16_S541_L001_M_001,Am-ATC-2,N/A,N/A,N/A,N/A,0,0
1309,S541-AM30-16_S541_L001_M_001,Am-ATC-3,N/A,N/A,N/A,N/A,0,0
1310,S541-AM30-16_S541_L001_M_001,Am-CT-2,N/A,N/A,N/A,N/A,0,0
1311,S541-AM30-16_S541_L001_M_001,Am-CT-5,N/A,N/A,N/A,N/A,0,0
1312,S542-AM46-11_S542_L001_M_001,Arm01,87,103,0.596,0.248,0.0,0.0
1313,S542-AM46-11_S542_L001_M_001,Arm02,N/A,N/A,N/A,N/A,0,0
1314,S542-AM46-11_S542_L001_M_001,Arm03,119.2,131.2,0.539,0.378,0.0,0.0
1315,S542-AM46-11_S542_L001_M_001,Arm04,163,187,0.493,0.305,0.0,0.0
1316,S542-AM46-11_S542_L001_M_001,Arm05,N/A,N/A,N/A,N/A,0,0
1317,S542-AM46-11_S542_L001_M_001,Arm06,147.2,N/A,0.934,N/A,0,0
1318,S542-AM46-11_S542_L001_M_001,Arm07,177,N/A,1.0,N/A,0,0
1319,S542-AM46-11_S542_L001_M_001,Arm08,109,N/A,0.842,N/A,0,0
1320,S542-AM46-11_S542_L001_M_001,Arm09,N/A,N/A,N/A,N/A,0,0
1321,S542-AM46-11_S542_L001_M_001,Arm10,N/A,N/A,N/A,N/A,0,0
1322,S542-AM46-11_S542_L001_M_001,Arm11,108,110.2,0.44,0.354,0.0,0.0
1323,S542-AM46-11_S542_L001_M_001,Armo01,N/A,N/A,N/A,N/A,0,0
1324,S542-AM46-11_S542_L001_M_001,Armo02,N/A,N/A,N/A,N/A,0,0
1325,S542-AM46-11_S542_L001_M_001,Armo03,N/A,N/A,N/A,N/A,0,0
1326,S542-AM46-11_S542_L001_M_001,Am-AG-1,N/A,N/A,N/A,N/A,0,0
1327,S542-AM46-11_S542_L001_M_001,Am-AG-10,N/A,N/A,N/A,N/A,0,0
1328,S542-AM46-11_S542_L001_M_001,Am-AG-2B,N/A,N/A,N/A,N/A,0,0
1329,S542-AM46-11_S542_L001_M_001,Am-AG-4B,N/A,N/A,N/A,N/A,0,0
1330,S542-AM46-11_S542_L001_M_001,Am-AG-11,N/A,N/A,N/A,N/A,0,0
1331,S542-AM46-11_S542_L001_M_001,Am-ATC-2,N/A,N/A,N/A,N/A,0,0
1332,S542-AM46-11_S542_L001_M_001,Am-ATC-3,N/A,N/A,N/A,N/A,0,0
1333,S542-AM46-11_S542_L001_M_001,Am-CT-2,N/A,N/A,N/A,N/A,0,0
1334,S542-AM46-11_S542_L001_M_001,Am-CT-5,N/A,N/A,N/A,N/A,0,0
1335,S543-AM102-06_S543_L001_M_001,Arm01,87,95,0.463,0.389,0.1,0.1
1336,S543-AM102-06_S543_L001_M_001,Arm02,N/A,N/A,N/A,N/A,0,0
1337,S543-AM102-06_S543_L001_M_001,Arm03,131,N/A,0.929,N/A,0,0
1338,S543-AM102-06_S543_L001_M_001,Arm04,171,179,0.435,0.333,0.1,0.1
1339,S543-AM102-06_S543_L001_M_001,Arm05,N/A,N/A,N/A,N/A,0,0
1340,S543-AM102-06_S543_L001_M_001,Arm06,147.2,151,0.5,0.405,0.0,0.0
1341,S543-AM102-06_S543_L001_M_001,Arm07,Other sequences,N/A,1.0,N/A,0,0
1342,S543-AM102-06_S543_L001_M_001,Arm08,81,93,0.515,0.427,0.0,0.0
1343,S543-AM102-06_S543_L001_M_001,Arm09,N/A,N/A,N/A,N/A,0,0
1344,S543-AM102-06_S543_L001_M_001,Arm10,N/A,N/A,N/A,N/A,0,0
1345,S543-AM102-06_S543_L001_M_001,Arm11,110.2,108.2,0.768,0.153,0.0,0.0
1346,S543-AM102-06_S543_L001_M_001,Armo01,N/A,N/A,N/A,N/A,0,0
1347,S543-AM102-06_S543_L001_M_001,Armo02,N/A,N/A,N/A,N/A,0,0
1348,S543-AM102-06_S543_L001_M_001,Armo03,N/A,N/A,N/A,N/A,0,0
1349,S543-AM102-06_S543_L001_M_001,Am-AG-1,N/A,N/A,N/A,N/A,0,0
1350,S543-AM102-06_S543_L001_M_001,Am-AG-10,N/A,N/A,N/A,N/A,0,0
1351,S543-AM102-06_S543_L001_M_001,Am-AG-2B,N/A,N/A,N/A,N/A,0,0
1352,S543-AM102-06_S543_L001_M_001,Am-AG-4B,N/A,N/A,N/A,N/A,0,0
1353,S543-AM102-06_S543_L001_M_001,Am-AG-11,N/A,N/A,N/A,N/A,0,0
1354,S543-AM102-06_S543_L001_M_001,Am-ATC-2,N/A,N/A,N/A,N/A,0,0
1355,S543-AM102-06_S543_L001_M_001,Am-ATC-3,N/A,N/A,N/A,N/A,0,0
1356,S543-AM102-06_S543_L001_M_001,Am-CT-2,N/A,N/A,N/A,N/A,0,0
1357,S543-AM102-06_S543_L001_M_001,Am-CT-5,N/A,N/A,N/A,N/A,0,0
1358,S544-AM102-16_S544_L001_M_001,Arm01,87,95,0.457,0.399,0.1,0.1
1359,S544-AM102-16_S544_L001_M_001,Arm02,N/A,N/A,N/A,N/A,0,0
1360,S544-AM102-16_S544_L001_M_001,Arm03,131,N/A,0.915,N/A,0,0
1361,S544-AM102-16_S544_L001_M_001,Arm04,179,175,0.777,0.117,0.1,0.5
1362,S544-AM102-16_S544_L001_M_001,Arm05,N/A,N/A,N/A,N/A,0,0
1363,S544-AM102-16_S544_L001_M_001,Arm06,147.2,151,0.475,0.428,0.0,0.0
1364,S544-AM102-16_S544_L001_M_001,Arm07,189,177,0.472,0.396,0.0,0.0
1365,S544-AM102-16_S544_L001_M_001,Arm08,81,93,0.455,0.386,0.0,0.0
1366,S544-AM102-16_S544_L001_M_001,Arm09,N/A,N/A,N/A,N/A,0,0
1367,S544-AM102-16_S544_L001_M_001,Arm10,N/A,N/A,N/A,N/A,0,0
1368,S544-AM102-16_S544_L001_M_001,Arm11,110,110.2,0.441,0.328,0.0,0.0
1369,S544-AM102-16_S544_L001_M_001,Armo01,N/A,N/A,N/A,N/A,0,0
1370,S544-AM102-16_S544_L001_M_001,Armo02,N/A,N/A,N/A,N/A,0,0
1371,S544-AM102-16_S544_L001_M_001,Armo03,N/A,N/A,N/A,N/A,0,0
1372,S544-AM102-16_S544_L001_M_001,Am-AG-1,N/A,N/A,N/A,N/A,0,0
1373,S544-AM102-16_S544_L001_M_001,Am-AG-10,N/A,N/A,N/A,N/A,0,0
1374,S544-AM102-16_S544_L001_M_001,Am-AG-2B,N/A,N/A,N/A,N/A,0,0
1375,S544-AM102-16_S544_L001_M_001,Am-AG-4B,N/A,N/A,N/A,N/A,0,0
1376,S544-AM102-16_S544_L001_M_001,Am-AG-11,N/A,N/A,N/A,N/A,0,0
1377,S544-AM102-16_S544_L001_M_001,Am-ATC-2,N/A,N/A,N/A,N/A,0,0
1378,S544-AM102-16_S544_L001_M_001,Am-ATC-3,N/A,N/A,N/A,N/A,0,0
1379,S544-AM102-16_S544_L001_M_001,Am-CT-2,N/A,N/A,N/A,N/A,0,0
1380,S544-AM102-16_S544_L001_M_001,Am-CT-5,N/A,N/A,N/A,N/A,0,0
1381,S545-AM46-19_S545_L001_M_001,Arm01,139,135.1,0.616,0.21,0.0,0.0
1382,S545-AM46-19_S545_L001_M_001,Arm02,N/A,N/A,N/A,N/A,0,0
1383,S545-AM46-19_S545_L001_M_001,Arm03,119.2,131.2,0.562,0.36,0.0,0.0
1384,S545-AM46-19_S545_L001_M_001,Arm04,163,175,0.447,0.373,0.0,0.0
1385,S545-AM46-19_S545_L001_M_001,Arm05,N/A,N/A,N/A,N/A,0,0
1386,S545-AM46-19_S545_L001_M_001,Arm06,147.2,151,0.548,0.357,0.0,0.0
1387,S545-AM46-19_S545_L001_M_001,Arm07,189,N/A,0.835,N/A,0,0
1388,S545-AM46-19_S545_L001_M_001,Arm08,109,81,0.306,0.306,0.0,0.0
1389,S545-AM46-19_S545_L001_M_001,Arm09,N/A,N/A,N/A,N/A,0,0
1390,S545-AM46-19_S545_L001_M_001,Arm10,N/A,N/A,N/A,N/A,0,0
1391,S545-AM46-19_S545_L001_M_001,Arm11,108,106.1,0.824,0.115,0.0,0.0
1392,S545-AM46-19_S545_L001_M_001,Armo01,N/A,N/A,N/A,N/A,0,0
1393,S545-AM46-19_S545_L001_M_001,Armo02,N/A,N/A,N/A,N/A,0,0
1394,S545-AM46-19_S545_L001_M_001,Armo03,N/A,N/A,N/A,N/A,0,0
1395,S545-AM46-19_S545_L001_M_001,Am-AG-1,N/A,N/A,N/A,N/A,0,0
1396,S545-AM46-19_S545_L001_M_001,Am-AG-10,N/A,N/A,N/A,N/A,0,0
1397,S545-AM46-19_S545_L001_M_001,Am-AG-2B,N/A,N/A,N/A,N/A,0,0
1398,S545-AM46-19_S545_L001_M_001,Am-AG-4B,N/A,N/A,N/A,N/A,0,0
1399,S545-AM46-19_S545_L001_M_001,Am-AG-11,N/A,N/A,N/A,N/A,0,0
1400,S545-AM46-19_S545_L001_M_001,Am-ATC-2,N/A,N/A,N/A,N/A,0,0
1401,S545-AM46-19_S545_L001_M_001,Am-ATC-3,N/A,N/A,N/A,N/A,0,0
1402,S545-AM46-19_S545_L001_M_001,Am-CT-2,N/A,N/A,N/A,N/A,0,0
1403,S545-AM46-19_S545_L001_M_001,Am-CT-5,N/A,N/A,N/A,N/A,0,0
1404,S546-AM102-15_S546_L001_M_001,Arm01,95,91,0.829,0.118,0.1,0.5
1405,S546-AM102-15_S546_L001_M_001,Arm02,N/A,N/A,N/A,N/A,0,0
1406,S546-AM102-15_S546_L001_M_001,Arm03,131.2,N/A,0.915,N/A,0,0
1407,S546-AM102-15_S546_L001_M_001,Arm04,187,199,0.4,0.36,0.0,0.0
1408,S546-AM102-15_S546_L001_M_001,Arm05,N/A,N/A,N/A,N/A,0,0
1409,S546-AM102-15_S546_L001_M_001,Arm06,151,N/A,0.898,N/A,0,0
1410,S546-AM102-15_S546_L001_M_001,Arm07,177,N/A,0.938,N/A,0,0
1411,S546-AM102-15_S546_L001_M_001,Arm08,81,97,0.591,0.375,0.0,0.0
1412,S546-AM102-15_S546_L001_M_001,Arm09,N/A,N/A,N/A,N/A,0,0
1413,S546-AM102-15_S546_L001_M_001,Arm10,N/A,N/A,N/A,N/A,0,0
1414,S546-AM102-15_S546_L001_M_001,Arm11,110.2,108.2,0.795,0.149,0.0,0.0
1415,S546-AM102-15_S546_L001_M_001,Armo01,N/A,N/A,N/A,N/A,0,0
1416,S546-AM102-15_S546_L001_M_001,Armo02,N/A,N/A,N/A,N/A,0,0
1417,S546-AM102-15_S546_L001_M_001,Armo03,N/A,N/A,N/A,N/A,0,0
1418,S546-AM102-15_S546_L001_M_001,Am-AG-1,N/A,N/A,N/A,N/A,0,0
1419,S546-AM102-15_S546_L001_M_001,Am-AG-10,N/A,N/A,N/A,N/A,0,0
1420,S546-AM102-15_S546_L001_M_001,Am-AG-2B,N/A,N/A,N/A,N/A,0,0
1421,S546-AM102-15_S546_L001_M_001,Am-AG-4B,N/A,N/A,N/A,N/A,0,0
1422,S546-AM102-15_S546_L001_M_001,Am-AG-11,N/A,N/A,N/A,N/A,0,0
1423,S546-AM102-15_S546_L001_M_001,Am-ATC-2,N/A,N/A,N/A,N/A,0,0
1424,S546-AM102-15_S546_L001_M_001,Am-ATC-3,N/A,N/A,N/A,N/A,0,0
1425,S546-AM102-15_S546_L001_M_001,Am-CT-2,N/A,N/A,N/A,N/A,0,0
1426,S546-AM102-15_S546_L001_M_001,Am-CT-5,N/A,N/A,N/A,N/A,0,0
1427,S547-nc_S547_L001_M_001,Arm01,N/A,N/A,N/A,N/A,0,0
1428,S547-nc_S547_L001_M_001,Arm02,N/A,N/A,N/A,N/A,0,0
1429,S547-nc_S547_L001_M_001,Arm03,Other sequences,N/A,1.0,N/A,0,0
1430,S547-nc_S547_L001_M_001,Arm04,Other sequences,N/A,1.0,N/A,0,0
1431,S547-nc_S547_L001_M_001,Arm05,N/A,N/A,N/A,N/A,0,0
1432,S547-nc_S547_L001_M_001,Arm06,N/A,N/A,N/A,N/A,0,0
1433,S547-nc_S547_L001_M_001,Arm07,N/A,N/A,N/A,N/A,0,0
1434,S547-nc_S547_L001_M_001,Arm08,N/A,N/A,N/A,N/A,0,0
1435,S547-nc_S547_L001_M_001,Arm09,N/A,N/A,N/A,N/A,0,0
1436,S547-nc_S547_L001_M_001,Arm10,N/A,N/A,N/A,N/A,0,0
1437,S547-nc_S547_L001_M_001,Arm11,Other sequences,N/A,1.0,N/A,0,0
1438,S547-nc_S547_L001_M_001,Armo01,N/A,N/A,N/A,N/A,0,0
1439,S547-nc_S547_L001_M_001,Armo02,N/A,N/A,N/A,N/A,0,0
1440,S547-nc_S547_L001_M_001,Armo03,N/A,N/A,N/A,N/A,0,0
1441,S547-nc_S547_L001_M_001,Am-AG-1,N/A,N/A,N/A,N/A,0,0
1442,S547-nc_S547_L001_M_001,Am-AG-10,N/A,N/A,N/A,N/A,0,0
1443,S547-nc_S547_L001_M_001,Am-AG-2B,N/A,N/A,N/A,N/A,0,0
1444,S547-nc_S547_L001_M_001,Am-AG-4B,N/A,N/A,N/A,N/A,0,0
1445,S547-nc_S547_L001_M_001,Am-AG-11,N/A,N/A,N/A,N/A,0,0
1446,S547-nc_S547_L001_M_001,Am-ATC-2,N/A,N/A,N/A,N/A,0,0
1447,S547-nc_S547_L001_M_001,Am-ATC-3,N/A,N/A,N/A,N/A,0,0
1448,S547-nc_S547_L001_M_001,Am-CT-2,N/A,N/A,N/A,N/A,0,0
1449,S547-nc_S547_L001_M_001,Am-CT-5,N/A,N/A,N/A,N/A,0,0
1450,S548-AM30-04_S548_L001_M_001,Arm01,83,87,0.523,0.391,0.5,0.1
1451,S548-AM30-04_S548_L001_M_001,Arm02,N/A,N/A,N/A,N/A,0,0
1452,S548-AM30-04_S548_L001_M_001,Arm03,131,N/A,0.905,N/A,0,0
1453,S548-AM30-04_S548_L001_M_001,Arm04,171,179,0.438,0.378,0.1,0.1
1454,S548-AM30-04_S548_L001_M_001,Arm05,N/A,N/A,N/A,N/A,0,0
1455,S548-AM30-04_S548_L001_M_001,Arm06,147.2,N/A,0.921,N/A,0,0
1456,S548-AM30-04_S548_L001_M_001,Arm07,189,N/A,0.894,N/A,0,0
1457,S548-AM30-04_S548_L001_M_001,Arm08,93,109,0.534,0.366,0.0,0.0
1458,S548-AM30-04_S548_L001_M_001,Arm09,N/A,N/A,N/A,N/A,0,0
1459,S548-AM30-04_S548_L001_M_001,Arm10,N/A,N/A,N/A,N/A,0,0
1460,S548-AM30-04_S548_L001_M_001,Arm11,110,110.2,0.396,0.391,0.0,0.0
1461,S548-AM30-04_S548_L001_M_001,Armo01,N/A,N/A,N/A,N/A,0,0
1462,S548-AM30-04_S548_L001_M_001,Armo02,N/A,N/A,N/A,N/A,0,0
1463,S548-AM30-04_S548_L001_M_001,Armo03,N/A,N/A,N/A,N/A,0,0
1464,S548-AM30-04_S548_L001_M_001,Am-AG-1,N/A,N/A,N/A,N/A,0,0
1465,S548-AM30-04_S548_L001_M_001,Am-AG-10,N/A,N/A,N/A,N/A,0,0
1466,S548-AM30-04_S548_L001_M_001,Am-AG-2B,N/A,N/A,N/A,N/A,0,0
1467,S548-AM30-04_S548_L001_M_001,Am-AG-4B,N/A,N/A,N/A,N/A,0,0
1468,S548-AM30-04_S548_L001_M_001,Am-AG-11,N/A,N/A,N/A,N/A,0,0
1469,S548-AM30-04_S548_L001_M_001,Am-ATC-2,N/A,N/A,N/A,N/A,0,0
1470,S548-AM30-04_S548_L001_M_001,Am-ATC-3,N/A,N/A,N/A,N/A,0,0
1471,S548-AM30-04_S548_L001_M_001,Am-CT-2,N/A,N/A,N/A,N/A,0,0
1472,S548-AM30-04_S548_L001_M_001,Am-CT-5,N/A,N/A,N/A,N/A,0,0
1473,S549-AM102-14_S549_L001_M_001,Arm01,95,107,0.496,0.309,0.0,0.0
1474,S549-AM102-14_S549_L001_M_001,Arm02,N/A,N/A,N/A,N/A,0,0
1475,S549-AM102-14_S549_L001_M_001,Arm03,131.2,131,0.477,0.412,0.0,0.0
1476,S549-AM102-14_S549_L001_M_001,Arm04,179,199,0.46,0.253,0.0,0.0
1477,S549-AM102-14_S549_L001_M_001,Arm05,N/A,N/A,N/A,N/A,0,0
1478,S549-AM102-14_S549_L001_M_001,Arm06,147.2,151,0.507,0.394,0.0,0.0
1479,S549-AM102-14_S549_L001_M_001,Arm07,177,N/A,0.867,N/A,0,0
1480,S549-AM102-14_S549_L001_M_001,Arm08,81,N/A,0.958,N/A,0,0
1481,S549-AM102-14_S549_L001_M_001,Arm09,N/A,N/A,N/A,N/A,0,0
1482,S549-AM102-14_S549_L001_M_001,Arm10,N/A,N/A,N/A,N/A,0,0
1483,S549-AM102-14_S549_L001_M_001,Arm11,110.2,108.2,0.774,0.149,0.0,0.0
1484,S549-AM102-14_S549_L001_M_001,Armo01,N/A,N/A,N/A,N/A,0,0
1485,S549-AM102-14_S549_L001_M_001,Armo02,N/A,N/A,N/A,N/A,0,0
1486,S549-AM102-14_S549_L001_M_001,Armo03,N/A,N/A,N/A,N/A,0,0
1487,S549-AM102-14_S549_L001_M_001,Am-AG-1,N/A,N/A,N/A,N/A,0,0
1488,S549-AM102-14_S549_L001_M_001,Am-AG-10,N/A,N/A,N/A,N/A,0,0
1489,S549-AM102-14_S549_L001_M_001,Am-AG-2B,N/A,N/A,N/A,N/A,0,0
1490,S549-AM102-14_S549_L001_M_001,Am-AG-4B,N/A,N/A,N/A,N/A,0,0
1491,S549-AM102-14_S549_L001_M_001,Am-AG-11,N/A,N/A,N/A,N/A,0,0
1492,S549-AM102-14_S549_L001_M_001,Am-ATC-2,N/A,N/A,N/A,N/A,0,0
1493,S549-AM102-14_S549_L001_M_001,Am-ATC-3,N/A,N/A,N/A,N/A,0,0
1494,S549-AM102-14_S549_L001_M_001,Am-CT-2,N/A,N/A,N/A,N/A,0,0
1495,S549-AM102-14_S549_L001_M_001,Am-CT-5,N/A,N/A,N/A,N/A,0,0
1496,S550-AM46-15_S550_L001_M_001,Arm01,139,135.1,0.531,0.14,0.0,0.0
1497,S550-AM46-15_S550_L001_M_001,Arm02,N/A,N/A,N/A,N/A,0,0
1498,S550-AM46-15_S550_L001_M_001,Arm03,119.2,131.2,0.518,0.396,0.0,0.0
1499,S550-AM46-15_S550_L001_M_001,Arm04,163,175,0.425,0.356,0.0,0.0
1500,S550-AM46-15_S550_L001_M_001,Arm05,N/A,N/A,N/A,N/A,0,0
1501,S550-AM46-15_S550_L001_M_001,Arm06,147.2,151,0.478,0.432,0.0,0.0
1502,S550-AM46-15_S550_L001_M_001,Arm07,189,N/A,0.879,N/A,0,0
1503,S550-AM46-15_S550_L001_M_001,Arm08,97,N/A,0.935,N/A,0,0
1504,S550-AM46-15_S550_L001_M_001,Arm09,N/A,N/A,N/A,N/A,0,0
1505,S550-AM46-15_S550_L001_M_001,Arm10,N/A,N/A,N/A,N/A,0,0
1506,S550-AM46-15_S550_L001_M_001,Arm11,108,106.1,0.785,0.116,0.0,0.0
1507,S550-AM46-15_S550_L001_M_001,Armo01,N/A,N/A,N/A,N/A,0,0
1508,S550-AM46-15_S550_L001_M_001,Armo02,N/A,N/A,N/A,N/A,0,0
1509,S550-AM46-15_S550_L001_M_001,Armo03,N/A,N/A,N/A,N/A,0,0
1510,S550-AM46-15_S550_L001_M_001,Am-AG-1,N/A,N/A,N/A,N/A,0,0
1511,S550-AM46-15_S550_L001_M_001,Am-AG-10,N/A,N/A,N/A,N/A,0,0
1512,S550-AM46-15_S550_L001_M_001,Am-AG-2B,N/A,N/A,N/A,N/A,0,0
1513,S550-AM46-15_S550_L001_M_001,Am-AG-4B,N/A,N/A,N/A,N/A,0,0
1514,S550-AM46-15_S550_L001_M_001,Am-AG-11,N/A,N/A,N/A,N/A,0,0
1515,S550-AM46-15_S550_L001_M_001,Am-ATC-2,N/A,N/A,N/A,N/A,0,0
1516,S550-AM46-15_S550_L001_M_001,Am-ATC-3,N/A,N/A,N/A,N/A,0,0
1517,S550-AM46-15_S550_L001_M_001,Am-CT-2,N/A,N/A,N/A,N/A,0,0
1518,S550-AM46-15_S550_L001_M_001,Am-CT-5,N/A,N/A,N/A,N/A,0,0
1519,S551-AM102-02_S551_L001_M_001,Arm01,87,107,0.535,0.273,0.0,0.0
1520,S551-AM102-02_S551_L001_M_001,Arm02,N/A,N/A,N/A,N/A,0,0
1521,S551-AM102-02_S551_L001_M_001,Arm03,131,N/A,0.879,N/A,0,0
1522,S551-AM102-02_S551_L001_M_001,Arm04,179,N/A,0.743,N/A,0,0
1523,S551-AM102-02_S551_L001_M_001,Arm05,N/A,N/A,N/A,N/A,0,0
1524,S551-AM102-02_S551_L001_M_001,Arm06,147.2,N/A,0.91,N/A,0,0
1525,S551-AM102-02_S551_L001_M_001,Arm07,Other sequences,N/A,1.0,N/A,0,0
1526,S551-AM102-02_S551_L001_M_001,Arm08,81,93,0.465,0.447,0.0,0.0
1527,S551-AM102-02_S551_L001_M_001,Arm09,N/A,N/A,N/A,N/A,0,0
1528,S551-AM102-02_S551_L001_M_001,Arm10,N/A,N/A,N/A,N/A,0,0
1529,S551-AM102-02_S551_L001_M_001,Arm11,110.2,108.2,0.763,0.155,0.0,0.0
1530,S551-AM102-02_S551_L001_M_001,Armo01,N/A,N/A,N/A,N/A,0,0
1531,S551-AM102-02_S551_L001_M_001,Armo02,N/A,N/A,N/A,N/A,0,0
1532,S551-AM102-02_S551_L001_M_001,Armo03,N/A,N/A,N/A,N/A,0,0
1533,S551-AM102-02_S551_L001_M_001,Am-AG-1,N/A,N/A,N/A,N/A,0,0
1534,S551-AM102-02_S551_L001_M_001,Am-AG-10,N/A,N/A,N/A,N/A,0,0
1535,S551-AM102-02_S551_L001_M_001,Am-AG-2B,N/A,N/A,N/A,N/A,0,0
1536,S551-AM102-02_S551_L001_M_001,Am-AG-4B,N/A,N/A,N/A,N/A,0,0
1537,S551-AM102-02_S551_L001_M_001,Am-AG-11,N/A,N/A,N/A,N/A,0,0
1538,S551-AM102-02_S551_L001_M_001,Am-ATC-2,N/A,N/A,N/A,N/A,0,0
1539,S551-AM102-02_S551_L001_M_001,Am-ATC-3,N/A,N/A,N/A,N/A,0,0
1540,S551-AM102-02_S551_L001_M_001,Am-CT-2,N/A,N/A,N/A,N/A,0,0
1541,S551-AM102-02_S551_L001_M_001,Am-CT-5,N/A,N/A,N/A,N/A,0,0
1542,S552-AM46-10_S552_L001_M_001,Arm01,83,95,0.469,0.133,0.0,0.0
1543,S552-AM46-10_S552_L001_M_001,Arm02,N/A,N/A,N/A,N/A,0,0
1544,S552-AM46-10_S552_L001_M_001,Arm03,131,131.2,0.303,0.284,0.0,0.0
1545,S552-AM46-10_S552_L001_M_001,Arm04,167,187,0.481,0.306,0.0,0.0
1546,S552-AM46-10_S552_L001_M_001,Arm05,N/A,N/A,N/A,N/A,0,0
1547,S552-AM46-10_S552_L001_M_001,Arm06,147.2,193,0.401,0.27,0.0,0.0
1548,S552-AM46-10_S552_L001_M_001,Arm07,189,N/A,1.0,N/A,0,0
1549,S552-AM46-10_S552_L001_M_001,Arm08,109,129,0.406,0.397,0.0,0.0
1550,S552-AM46-10_S552_L001_M_001,Arm09,N/A,N/A,N/A,N/A,0,0
1551,S552-AM46-10_S552_L001_M_001,Arm10,N/A,N/A,N/A,N/A,0,0
1552,S552-AM46-10_S552_L001_M_001,Arm11,108,106.1,0.834,0.116,0.0,0.0
1553,S552-AM46-10_S552_L001_M_001,Armo01,N/A,N/A,N/A,N/A,0,0
1554,S552-AM46-10_S552_L001_M_001,Armo02,N/A,N/A,N/A,N/A,0,0
1555,S552-AM46-10_S552_L001_M_001,Armo03,N/A,N/A,N/A,N/A,0,0
1556,S552-AM46-10_S552_L001_M_001,Am-AG-1,N/A,N/A,N/A,N/A,0,0
1557,S552-AM46-10_S552_L001_M_001,Am-AG-10,N/A,N/A,N/A,N/A,0,0
1558,S552-AM46-10_S552_L001_M_001,Am-AG-2B,N/A,N/A,N/A,N/A,0,0
1559,S552-AM46-10_S552_L001_M_001,Am-AG-4B,N/A,N/A,N/A,N/A,0,0
1560,S552-AM46-10_S552_L001_M_001,Am-AG-11,N/A,N/A,N/A,N/A,0,0
1561,S552-AM46-10_S552_L001_M_001,Am-ATC-2,N/A,N/A,N/A,N/A,0,0
1562,S552-AM46-10_S552_L001_M_001,Am-ATC-3,N/A,N/A,N/A,N/A,0,0
1563,S552-AM46-10_S552_L001_M_001,Am-CT-2,N/A,N/A,N/A,N/A,0,0
1564,S552-AM46-10_S552_L001_M_001,Am-CT-5,N/A,N/A,N/A,N/A,0,0
1565,S553-AM46-04_S553_L001_M_001,Arm01,83,139,0.679,0.141,0.0,0.0
1566,S553-AM46-04_S553_L001_M_001,Arm02,N/A,N/A,N/A,N/A,0,0
1567,S553-AM46-04_S553_L001_M_001,Arm03,119.2,131.2,0.551,0.339,0.0,0.0
1568,S553-AM46-04_S553_L001_M_001,Arm04,167,187,0.548,0.238,0.0,0.0
1569,S553-AM46-04_S553_L001_M_001,Arm05,N/A,N/A,N/A,N/A,0,0
1570,S553-AM46-04_S553_L001_M_001,Arm06,147.2,193,0.401,0.325,0.0,0.0
1571,S553-AM46-04_S553_L001_M_001,Arm07,N/A,N/A,N/A,N/A,0,0
1572,S553-AM46-04_S553_L001_M_001,Arm08,129,109,0.695,0.114,0.0,0.0
1573,S553-AM46-04_S553_L001_M_001,Arm09,N/A,N/A,N/A,N/A,0,0
1574,S553-AM46-04_S553_L001_M_001,Arm10,N/A,N/A,N/A,N/A,0,0
1575,S553-AM46-04_S553_L001_M_001,Arm11,108,106.1,0.838,0.11,0.0,0.0
1576,S553-AM46-04_S553_L001_M_001,Armo01,N/A,N/A,N/A,N/A,0,0
1577,S553-AM46-04_S553_L001_M_001,Armo02,N/A,N/A,N/A,N/A,0,0
1578,S553-AM46-04_S553_L001_M_001,Armo03,N/A,N/A,N/A,N/A,0,0
1579,S553-AM46-04_S553_L001_M_001,Am-AG-1,N/A,N/A,N/A,N/A,0,0
1580,S553-AM46-04_S553_L001_M_001,Am-AG-10,N/A,N/A,N/A,N/A,0,0
1581,S553-AM46-04_S553_L001_M_001,Am-AG-2B,N/A,N/A,N/A,N/A,0,0
1582,S553-AM46-04_S553_L001_M_001,Am-AG-4B,N/A,N/A,N/A,N/A,0,0
1583,S553-AM46-04_S553_L001_M_001,Am-AG-11,N/A,N/A,N/A,N/A,0,0
1584,S553-AM46-04_S553_L001_M_001,Am-ATC-2,N/A,N/A,N/A,N/A,0,0
1585,S553-AM46-04_S553_L001_M_001,Am-ATC-3,N/A,N/A,N/A,N/A,0,0
1586,S553-AM46-04_S553_L001_M_001,Am-CT-2,N/A,N/A,N/A,N/A,0,0
1587,S553-AM46-04_S553_L001_M_001,Am-CT-5,N/A,N/A,N/A,N/A,0,0
1588,S554-AM46-07_S554_L001_M_001,Arm01,83,139,0.648,0.139,0.0,0.0
1589,S554-AM46-07_S554_L001_M_001,Arm02,N/A,N/A,N/A,N/A,0,0
1590,S554-AM46-07_S554_L001_M_001,Arm03,119.2,131.2,0.546,0.361,0.0,0.0
1591,S554-AM46-07_S554_L001_M_001,Arm04,167,187,0.488,0.28,0.0,0.0
1592,S554-AM46-07_S554_L001_M_001,Arm05,N/A,N/A,N/A,N/A,0,0
1593,S554-AM46-07_S554_L001_M_001,Arm06,147.2,193,0.385,0.318,0.0,0.0
1594,S554-AM46-07_S554_L001_M_001,Arm07,Other sequences,N/A,1.0,N/A,0,0
1595,S554-AM46-07_S554_L001_M_001,Arm08,109,N/A,0.881,N/A,0,0
1596,S554-AM46-07_S554_L001_M_001,Arm09,N/A,N/A,N/A,N/A,0,0
1597,S554-AM46-07_S554_L001_M_001,Arm10,N/A,N/A,N/A,N/A,0,0
1598,S554-AM46-07_S554_L001_M_001,Arm11,108,106.1,0.829,0.1,0.0,0.0
1599,S554-AM46-07_S554_L001_M_001,Armo01,N/A,N/A,N/A,N/A,0,0
1600,S554-AM46-07_S554_L001_M_001,Armo02,N/A,N/A,N/A,N/A,0,0
1601,S554-AM46-07_S554_L001_M_001,Armo03,N/A,N/A,N/A,N/A,0,0
1602,S554-AM46-07_S554_L001_M_001,Am-AG-1,N/A,N/A,N/A,N/A,0,0
1603,S554-AM46-07_S554_L001_M_001,Am-AG-10,N/A,N/A,N/A,N/A,0,0
1604,S554-AM46-07_S554_L001_M_001,Am-AG-2B,N/A,N/A,N/A,N/A,0,0
1605,S554-AM46-07_S554_L001_M_001,Am-AG-4B,N/A,N/A,N/A,N/A,0,0
1606,S554-AM46-07_S554_L001_M_001,Am-AG-11,N/A,N/A,N/A,N/A,0,0
1607,S554-AM46-07_S554_L001_M_001,Am-ATC-2,N/A,N/A,N/A,N/A,0,0
1608,S554-AM46-07_S554_L001_M_001,Am-ATC-3,N/A,N/A,N/A,N/A,0,0
1609,S554-AM46-07_S554_L001_M_001,Am-CT-2,N/A,N/A,N/A,N/A,0,0
1610,S554-AM46-07_S554_L001_M_001,Am-CT-5,N/A,N/A,N/A,N/A,0,0
1611,S555-AM202-04_S555_L001_M_001,Arm01,95,107,0.5,0.296,0.0,0.0
1612,S555-AM202-04_S555_L001_M_001,Arm02,N/A,N/A,N/A,N/A,0,0
1613,S555-AM202-04_S555_L001_M_001,Arm03,131.2,131,0.51,0.404,0.0,0.0
1614,S555-AM202-04_S555_L001_M_001,Arm04,191,199,0.385,0.324,0.1,0.1
1615,S555-AM202-04_S555_L001_M_001,Arm05,N/A,N/A,N/A,N/A,0,0
1616,S555-AM202-04_S555_L001_M_001,Arm06,147.2,151,0.482,0.427,0.0,0.0
1617,S555-AM202-04_S555_L001_M_001,Arm07,177,N/A,0.926,N/A,0,0
1618,S555-AM202-04_S555_L001_M_001,Arm08,97,81,0.516,0.438,0.0,0.0
1619,S555-AM202-04_S555_L001_M_001,Arm09,N/A,N/A,N/A,N/A,0,0
1620,S555-AM202-04_S555_L001_M_001,Arm10,N/A,N/A,N/A,N/A,0,0
1621,S555-AM202-04_S555_L001_M_001,Arm11,110.2,108.2,0.787,0.143,0.0,0.0
1622,S555-AM202-04_S555_L001_M_001,Armo01,N/A,N/A,N/A,N/A,0,0
1623,S555-AM202-04_S555_L001_M_001,Armo02,N/A,N/A,N/A,N/A,0,0
1624,S555-AM202-04_S555_L001_M_001,Armo03,N/A,N/A,N/A,N/A,0,0
1625,S555-AM202-04_S555_L001_M_001,Am-AG-1,N/A,N/A,N/A,N/A,0,0
1626,S555-AM202-04_S555_L001_M_001,Am-AG-10,N/A,N/A,N/A,N/A,0,0
1627,S555-AM202-04_S555_L001_M_001,Am-AG-2B,N/A,N/A,N/A,N/A,0,0
1628,S555-AM202-04_S555_L001_M_001,Am-AG-4B,N/A,N/A,N/A,N/A,0,0
1629,S555-AM202-04_S555_L001_M_001,Am-AG-11,N/A,N/A,N/A,N/A,0,0
1630,S555-AM202-04_S555_L001_M_001,Am-ATC-2,N/A,N/A,N/A,N/A,0,0
1631,S555-AM202-04_S555_L001_M_001,Am-ATC-3,N/A,N/A,N/A,N/A,0,0
1632,S555-AM202-04_S555_L001_M_001,Am-CT-2,N/A,N/A,N/A,N/A,0,0
1633,S555-AM202-04_S555_L001_M_001,Am-CT-5,N/A,N/A,N/A,N/A,0,0
